OrderID,CustomerID,CustomerLatitude,CustomerLongitude,PartnerID,PartnerLatitude,PartnerLongitude,RestaurantID,RestaurantLatitude,RestaurantLongitude,DistanceKM,TrafficLevel,WeatherCondition,PartnerRating,PartnerAvailability,OrderValue,DeliveryTimeMinutes
1,25795,19.918359,75.349665,1860,19.883961,75.315264,770,19.847652,75.408253,5.4,High,Cloudy,3.1,Available,1315,26
2,94478,19.973964,75.258193,8849,19.933025,75.270032,975,19.955158,75.33551,4.73,Low,Rainy,4.7,Available,2314,22
3,97313,19.879556,75.296354,9792,19.831153,75.269443,815,19.83812,75.325676,6.15,Low,Rainy,3.3,Available,1685,22
4,87189,19.757202,75.410571,4843,19.752177,75.400086,809,19.825467,75.446935,1.29,High,Cloudy,3.4,Available,2443,19
5,99812,19.81241,75.407184,7863,19.798085,75.385277,736,19.819241,75.349732,2.91,High,Sunny,3.1,Busy,1467,10
6,58190,19.912577,75.382252,6258,19.939704,75.339656,998,19.889932,75.320791,5.61,High,Sunny,4.2,Available,602,22
7,45222,19.885998,75.26868,9996,19.892122,75.256973,598,19.961472,75.324506,1.47,Low,Cloudy,3.5,Available,492,11
8,33419,19.757229,75.359103,2484,19.738665,75.35996,678,19.82244,75.31899,2.06,Low,Rainy,4.5,Available,1283,17
9,91734,19.96383,75.40203,4157,19.97717,75.439176,783,20.012418,75.351881,4.38,Medium,Cloudy,4.1,Busy,1596,19
10,76842,19.831091,75.276195,7776,19.797557,75.279604,615,19.828664,75.306985,3.74,Medium,Rainy,3.3,Available,1595,19
11,78840,19.764925,75.263479,4763,19.739613,75.283109,612,19.798888,75.207173,3.56,Low,Rainy,4.2,Available,1689,20
12,65680,19.862574,75.446413,6249,19.83678,75.463627,552,19.904433,75.404435,3.44,High,Cloudy,3.7,Available,297,19
13,99045,19.933619,75.237679,2930,19.934439,75.25726,739,19.990956,75.209832,2.18,High,Cloudy,4.0,Available,1834,19
14,81295,19.942673,75.368923,7694,19.966195,75.33983,837,19.949305,75.400249,4.15,High,Cloudy,5.0,Available,980,17
15,12049,19.95636,75.425105,6423,19.96967,75.409008,753,19.932234,75.461258,2.32,High,Cloudy,4.6,Available,686,21
16,12557,19.973943,75.27098,6592,19.954479,75.269541,598,19.965691,75.350093,2.17,Low,Sunny,4.0,Available,1627,25
17,32399,19.820854,75.335635,2218,19.821735,75.349268,900,19.780928,75.350014,1.52,Medium,Sunny,4.0,Busy,2174,14
18,49790,19.802943,75.324798,6600,19.810143,75.351653,952,19.72992,75.403926,3.09,Medium,Sunny,3.6,Busy,1868,26
19,43828,19.848482,75.441664,3327,19.894844,75.476965,848,19.815594,75.42328,6.47,High,Sunny,3.6,Available,1916,34
20,61885,19.891452,75.447513,4863,19.85546,75.449346,613,19.951832,75.486036,4.0,Low,Sunny,4.4,Available,1600,20
21,15801,19.936326,75.416768,3806,19.97765,75.417902,525,19.936569,75.464495,4.59,Low,Cloudy,4.6,Busy,1266,19
22,20966,19.857088,75.335661,1853,19.835742,75.344744,550,19.781968,75.261637,2.57,Medium,Rainy,3.7,Available,2411,16
23,29508,19.972008,75.314316,6691,20.00621,75.283754,991,19.957825,75.346238,5.09,Low,Cloudy,4.0,Available,756,18
24,35945,19.971409,75.408995,9932,19.991006,75.39989,973,19.919136,75.354025,2.4,Medium,Cloudy,3.2,Available,996,7
25,13343,19.877501,75.35293,5070,19.869461,75.327703,691,19.854457,75.394185,2.94,Low,Sunny,3.2,Available,1108,22
26,72752,19.899448,75.212015,8421,19.944363,75.250683,721,19.861191,75.134464,6.58,High,Cloudy,4.0,Available,615,32
27,37663,19.897756,75.206628,3839,19.906334,75.250651,835,19.909832,75.188735,4.98,Low,Sunny,4.6,Busy,1391,27
28,79449,19.813011,75.253647,2066,19.800737,75.207543,543,19.831932,75.227496,5.3,Medium,Sunny,4.7,Available,517,25
29,67458,19.777178,75.374184,9808,19.790072,75.411931,890,19.814789,75.422741,4.43,Low,Cloudy,3.8,Available,1222,14
30,75510,19.949437,75.340467,3143,19.923297,75.358451,651,19.987822,75.298585,3.52,Medium,Sunny,4.1,Available,828,14
31,60517,19.772997,75.213371,5492,19.818851,75.248085,686,19.749782,75.286459,6.38,High,Rainy,4.0,Available,495,35
32,70566,19.776097,75.432732,2167,19.823522,75.482325,556,19.705036,75.470658,7.62,Low,Rainy,4.4,Busy,1053,26
33,82592,19.911223,75.218191,2542,19.943409,75.238815,673,19.844239,75.151765,4.24,High,Sunny,3.7,Busy,610,23
34,45909,19.860783,75.294497,8419,19.881291,75.269369,914,19.833623,75.284009,3.6,Low,Sunny,3.8,Available,1783,24
35,65771,19.939242,75.386053,9647,19.957346,75.359804,816,19.923278,75.382487,3.54,Low,Sunny,3.4,Busy,784,20
36,71642,19.877386,75.442326,6348,19.879696,75.455266,663,19.908706,75.435053,1.46,Low,Cloudy,4.2,Busy,1135,19
37,20975,19.854801,75.355033,6063,19.832539,75.323845,857,19.848993,75.331569,4.25,Medium,Sunny,4.9,Busy,1324,27
38,45547,19.959513,75.405634,1924,20.004493,75.428206,896,19.977659,75.392553,5.59,Medium,Cloudy,4.1,Available,1115,23
39,71813,19.976616,75.294185,3193,20.001574,75.283484,723,20.029282,75.305238,3.01,Low,Cloudy,3.1,Available,504,19
40,33524,19.924129,75.294463,4636,19.898237,75.264968,664,19.88436,75.25842,4.36,Medium,Sunny,4.3,Available,2242,23
41,17239,19.859528,75.407843,1249,19.840306,75.439482,661,19.934404,75.341988,4.11,High,Sunny,4.2,Available,1352,29
42,63682,19.88986,75.359161,7881,19.895342,75.318261,793,19.926084,75.366752,4.58,Low,Rainy,3.8,Available,2228,28
43,49811,19.943681,75.392229,1137,19.900305,75.346815,683,19.96301,75.367815,6.97,Medium,Rainy,4.2,Available,2258,25
44,51240,19.868504,75.443278,2887,19.878698,75.415663,694,19.919991,75.418491,3.27,Medium,Sunny,3.1,Available,2380,22
45,26907,19.833782,75.325854,3393,19.852821,75.279785,545,19.881688,75.346318,5.53,High,Cloudy,3.3,Available,436,30
46,89714,19.79815,75.292618,2276,19.796602,75.304443,679,19.777176,75.286624,1.32,Low,Cloudy,3.1,Available,1130,10
47,15122,19.867686,75.333028,2646,19.828403,75.327769,906,19.872905,75.291823,4.4,Low,Rainy,3.8,Available,2076,15
48,13596,19.831674,75.362206,7168,19.829632,75.370626,567,19.869566,75.371445,0.96,Low,Rainy,3.8,Available,1405,13
49,58447,19.831902,75.446629,2761,19.842479,75.420352,942,19.768187,75.391086,3.14,High,Cloudy,3.4,Available,1730,20
50,38746,19.937927,75.264476,9195,19.905016,75.28134,834,20.006627,75.273558,4.1,Medium,Rainy,4.7,Available,1533,26
51,52101,19.919337,75.33246,9915,19.94006,75.359238,724,19.853303,75.333437,3.76,High,Sunny,4.1,Available,789,31
52,19865,19.824141,75.402469,3219,19.799605,75.420619,885,19.865777,75.417771,3.39,Medium,Rainy,4.6,Available,1704,10
53,22219,19.778588,75.382717,1235,19.822422,75.35084,933,19.709227,75.421296,6.02,Medium,Sunny,3.3,Available,2417,30
54,25524,19.895764,75.426967,3898,19.877384,75.435798,878,19.925041,75.419279,2.26,Medium,Rainy,4.2,Available,674,19
55,28574,19.956902,75.295973,3712,19.961257,75.33662,644,19.97678,75.234677,4.54,Medium,Rainy,4.3,Available,1571,32
56,10922,19.784885,75.277931,1419,19.759734,75.302326,656,19.71025,75.289113,3.89,Medium,Sunny,4.8,Available,2032,21
57,33710,19.779322,75.299322,7371,19.809052,75.264314,864,19.736002,75.334882,5.1,Medium,Rainy,4.3,Available,893,21
58,87834,19.816224,75.353738,7166,19.857409,75.31765,802,19.752351,75.3147,6.08,High,Sunny,4.8,Available,703,22
59,75310,19.919382,75.433592,7024,19.961939,75.428676,550,19.8575,75.511167,4.76,Medium,Cloudy,4.7,Available,666,26
60,21694,19.827095,75.400713,8112,19.777558,75.384063,808,19.810802,75.406696,5.8,High,Cloudy,3.7,Available,517,20
61,46368,19.757555,75.428187,7783,19.732378,75.43595,926,19.704037,75.353608,2.92,Low,Sunny,4.6,Available,2303,19
62,80480,19.87818,75.415158,4432,19.881687,75.383604,676,19.846115,75.384748,3.52,Medium,Rainy,3.9,Available,2179,13
63,12717,19.858575,75.34121,5524,19.815146,75.368763,976,19.851101,75.345112,5.71,Low,Cloudy,4.0,Available,2020,24
64,58770,19.956409,75.331645,5873,19.986484,75.379538,957,20.010775,75.390364,6.28,Low,Sunny,3.4,Available,1890,27
65,84055,19.933981,75.244636,8221,19.949256,75.218454,748,19.869892,75.203544,3.36,Medium,Cloudy,4.7,Available,264,18
66,76358,19.75299,75.221377,1943,19.723779,75.17403,965,19.70202,75.234664,6.18,Medium,Cloudy,4.8,Available,845,23
67,25358,19.885768,75.267016,2409,19.898183,75.257957,694,19.894096,75.256796,1.71,High,Cloudy,4.5,Available,2206,15
68,61920,19.811796,75.335409,4186,19.825144,75.311198,708,19.754093,75.388998,3.07,Medium,Cloudy,4.8,Available,904,19
69,91994,19.871822,75.403764,7981,19.871631,75.360482,645,19.856662,75.403358,4.8,High,Sunny,3.0,Available,745,19
70,56828,19.790335,75.428603,7136,19.782212,75.416917,808,19.793362,75.356118,1.58,Medium,Rainy,3.4,Available,1494,18
71,88617,19.942528,75.309298,5124,19.984079,75.331451,648,19.960193,75.381187,5.23,High,Rainy,4.9,Available,1412,27
72,77298,19.785575,75.355833,8101,19.782999,75.340271,864,19.761821,75.34188,1.75,Low,Rainy,4.2,Available,230,6
73,38145,19.90978,75.268036,2252,19.918803,75.254133,607,19.844433,75.334806,1.84,Low,Sunny,4.9,Available,111,20
74,81431,19.90152,75.373069,3708,19.93644,75.348036,580,19.899828,75.328463,4.77,Medium,Sunny,4.9,Available,877,24
75,39711,19.791532,75.341986,5806,19.833081,75.295381,900,19.823119,75.309562,6.93,Medium,Rainy,4.9,Available,1089,30
76,27850,19.758512,75.349067,4561,19.731513,75.311124,602,19.690825,75.380473,5.17,Medium,Rainy,3.8,Available,1472,22
77,25317,19.893955,75.421494,1920,19.905541,75.39479,896,19.817859,75.48071,3.23,Medium,Rainy,4.7,Available,1731,25
78,71916,19.894326,75.418419,9436,19.942734,75.445246,735,19.881169,75.405836,6.14,Low,Sunny,3.5,Available,1265,25
79,34951,19.914577,75.347277,3033,19.892304,75.388311,823,19.841793,75.284792,5.18,Low,Rainy,4.9,Available,1038,26
80,66638,19.891085,75.241758,9202,19.940202,75.214925,561,19.961922,75.265701,6.21,Low,Rainy,4.0,Available,325,28
81,92856,19.830529,75.214461,7402,19.877439,75.25284,875,19.898969,75.293646,6.73,Low,Rainy,3.8,Available,2209,41
82,43660,19.947829,75.314358,5675,19.936946,75.291654,897,19.944097,75.241458,2.79,Medium,Cloudy,4.6,Available,1518,15
83,60106,19.751169,75.373929,8291,19.706047,75.377189,962,19.825109,75.311444,5.02,Low,Sunny,4.7,Available,2371,29
84,11591,19.948833,75.383477,7183,19.950959,75.420293,846,19.908079,75.328652,4.09,Low,Sunny,4.7,Available,1293,22
85,96206,19.793521,75.420409,4738,19.839653,75.416956,921,19.854172,75.341232,5.13,High,Sunny,4.5,Available,688,24
86,97263,19.895317,75.264951,2136,19.908718,75.26895,732,19.940092,75.202068,1.55,Medium,Rainy,4.1,Busy,1535,14
87,36660,19.965563,75.371971,6084,19.922347,75.352067,777,19.998871,75.302747,5.28,Medium,Cloudy,3.7,Available,2357,27
88,97046,19.938948,75.292958,9220,19.970827,75.268209,894,19.859113,75.238388,4.48,Medium,Sunny,4.9,Available,138,20
89,78878,19.818626,75.409987,3844,19.845908,75.382992,656,19.75964,75.468876,4.26,Medium,Sunny,4.9,Available,183,15
90,15626,19.955643,75.257489,8424,19.926953,75.210602,557,19.97991,75.236453,6.1,High,Rainy,4.9,Available,1780,24
91,46444,19.927312,75.411196,4380,19.953414,75.423818,507,19.868311,75.3364,3.22,Medium,Rainy,3.4,Available,2353,27
92,61027,19.796121,75.322899,2763,19.752542,75.331096,508,19.75916,75.370508,4.92,High,Sunny,3.3,Available,2113,32
93,40015,19.888005,75.272916,2389,19.907503,75.308928,994,19.932781,75.199255,4.55,Medium,Rainy,3.2,Available,1795,23
94,58787,19.928435,75.435309,3720,19.885677,75.438733,701,19.98964,75.36851,4.76,Low,Cloudy,3.8,Available,189,22
95,60861,19.788521,75.226142,4041,19.802164,75.24679,605,19.713575,75.295936,2.75,High,Rainy,4.1,Available,1387,18
96,35683,19.768426,75.423704,9442,19.773185,75.455434,882,19.760797,75.446676,3.56,Low,Cloudy,3.9,Available,2234,23
97,11560,19.825674,75.317546,2266,19.850102,75.354729,621,19.815059,75.244532,4.94,Medium,Cloudy,4.4,Available,411,25
98,89561,19.800729,75.3046,9946,19.771087,75.338645,534,19.7486,75.378325,5.01,Medium,Sunny,4.7,Available,1487,25
99,49443,19.874959,75.328499,1955,19.883765,75.281438,651,19.858241,75.345489,5.31,High,Cloudy,4.6,Available,854,29
100,58364,19.94228,75.258948,1529,19.96988,75.249479,539,19.958577,75.280154,3.24,Medium,Cloudy,4.0,Available,652,20
101,45133,19.843155,75.34823,2525,19.851096,75.364492,815,19.778397,75.37257,2.01,Low,Sunny,3.8,Busy,360,21
102,71367,19.803975,75.420927,8062,19.798177,75.404016,802,19.795779,75.448029,1.98,Low,Sunny,3.9,Available,2460,12
103,92495,19.837252,75.351385,8029,19.822925,75.354736,967,19.882338,75.384247,1.63,High,Rainy,4.1,Available,2039,14
104,57614,19.897201,75.256175,1281,19.865202,75.215031,784,19.83373,75.269722,5.79,Medium,Sunny,4.0,Available,225,27
105,55272,19.949621,75.313685,8473,19.951181,75.31257,784,19.976319,75.256029,0.21,Medium,Sunny,3.3,Busy,991,12
106,23669,19.790744,75.373156,5612,19.824556,75.417617,994,19.820064,75.372704,6.2,Low,Cloudy,4.7,Available,687,25
107,60138,19.961296,75.350152,5440,20.005384,75.382836,801,19.988011,75.362502,6.09,Medium,Cloudy,5.0,Available,1708,26
108,95150,19.952059,75.301035,1488,19.934762,75.317794,958,20.001314,75.343001,2.67,Low,Rainy,3.9,Busy,1467,19
109,61924,19.834286,75.299043,4726,19.853833,75.287899,564,19.826077,75.25705,2.5,Low,Rainy,3.5,Available,1061,6
110,16471,19.860212,75.206411,3863,19.844337,75.194431,949,19.844024,75.219239,2.21,High,Rainy,4.5,Busy,990,13
111,68348,19.849098,75.424179,9212,19.806226,75.469645,906,19.873849,75.404991,6.94,Low,Sunny,3.7,Available,2016,33
112,46378,19.874007,75.277827,7894,19.88504,75.299442,655,19.837627,75.263995,2.69,Low,Cloudy,3.4,Available,1162,29
113,82588,19.774582,75.341828,4654,19.750238,75.388121,946,19.771949,75.390787,5.81,Low,Sunny,4.3,Busy,1400,25
114,47384,19.844537,75.409965,1009,19.884539,75.395307,971,19.802436,75.454849,4.73,Medium,Rainy,4.7,Available,245,26
115,91571,19.88492,75.242004,4040,19.908607,75.278284,938,19.839598,75.177318,4.81,Low,Rainy,3.5,Available,1646,21
116,67784,19.977191,75.23411,8421,19.996705,75.224542,908,19.965703,75.268926,2.41,Low,Rainy,5.0,Available,1703,10
117,27625,19.958271,75.393156,2125,19.934761,75.407685,541,19.973591,75.377346,3.07,Low,Rainy,3.7,Available,1904,15
118,20756,19.897239,75.267787,3475,19.90652,75.2858,526,19.854172,75.260884,2.25,Medium,Cloudy,3.1,Available,1332,16
119,19686,19.883509,75.222192,5211,19.929676,75.235688,763,19.924283,75.169468,5.34,Medium,Cloudy,3.8,Busy,756,14
120,82982,19.785056,75.448121,5443,19.827756,75.452117,614,19.839781,75.451474,4.76,Medium,Cloudy,3.2,Available,1284,21
121,86559,19.777059,75.256839,3785,19.761226,75.24493,641,19.75247,75.215088,2.2,Low,Rainy,4.7,Available,1789,18
122,93362,19.882155,75.341644,9597,19.871259,75.341759,926,19.865704,75.348001,1.21,Low,Rainy,4.3,Available,233,26
123,62290,19.824181,75.205723,8693,19.78956,75.178084,572,19.897353,75.21741,4.92,Medium,Sunny,4.2,Available,1412,24
124,41055,19.790213,75.325642,5917,19.780079,75.290279,737,19.769019,75.25655,4.08,Medium,Sunny,3.5,Available,227,26
125,21871,19.951504,75.269438,9734,19.986649,75.219471,833,19.874334,75.285847,6.78,High,Rainy,3.8,Available,2053,26
126,59841,19.976246,75.259795,6175,19.940471,75.221933,962,19.94477,75.195962,5.78,Low,Rainy,3.5,Available,1503,27
127,51779,19.900816,75.412004,4292,19.923248,75.441213,807,19.885584,75.436656,4.09,High,Rainy,4.1,Available,1864,24
128,72646,19.860709,75.204798,5481,19.83669,75.230827,561,19.802647,75.210448,3.93,Low,Sunny,3.0,Available,2485,21
129,57076,19.862206,75.227434,5268,19.867002,75.222872,659,19.917303,75.163127,0.73,Medium,Cloudy,3.3,Available,693,0
130,36035,19.930554,75.423021,4493,19.976087,75.451711,541,19.901019,75.453123,5.97,Low,Sunny,4.7,Available,2379,25
131,38602,19.802202,75.422348,7869,19.797264,75.460594,699,19.739113,75.500472,4.28,High,Sunny,3.1,Available,186,21
132,99570,19.969995,75.384377,3711,19.95532,75.364031,516,19.945948,75.428322,2.78,High,Rainy,3.4,Available,1384,19
133,86295,19.754817,75.220543,6439,19.801603,75.200087,637,19.797893,75.240489,5.67,Medium,Rainy,3.4,Available,1713,31
134,56857,19.817349,75.444993,3196,19.827537,75.453235,663,19.857041,75.494876,1.45,Medium,Rainy,3.1,Available,2330,14
135,55000,19.849378,75.309851,6784,19.860672,75.354159,987,19.807889,75.249291,5.08,High,Cloudy,3.0,Busy,2269,26
136,86272,19.875124,75.359018,5875,19.84723,75.406858,732,19.914835,75.368268,6.15,High,Rainy,3.6,Available,1468,29
137,53541,19.917428,75.226986,8003,19.935958,75.186173,784,19.991849,75.225129,4.98,High,Sunny,3.8,Available,1476,15
138,93986,19.771564,75.344293,1022,19.809278,75.337673,912,19.7173,75.35358,4.25,Low,Sunny,4.8,Available,1606,23
139,31727,19.821514,75.385587,9033,19.853026,75.397085,990,19.851575,75.365629,3.72,Low,Cloudy,4.7,Busy,2356,25
140,46751,19.820289,75.419163,2778,19.869922,75.405994,722,19.812067,75.454694,5.7,Medium,Rainy,3.3,Available,921,32
141,12023,19.756686,75.241721,5966,19.724818,75.230488,904,19.741058,75.301603,3.75,Low,Cloudy,4.4,Available,1178,20
142,75697,19.812059,75.406262,1593,19.811885,75.363968,902,19.741427,75.37974,4.69,Medium,Cloudy,4.4,Available,2166,24
143,67775,19.919166,75.258964,6469,19.906308,75.215218,682,19.967385,75.301618,5.06,Low,Cloudy,4.3,Available,1383,18
144,40254,19.838282,75.342968,3125,19.847059,75.311416,623,19.81624,75.31649,3.64,Low,Rainy,3.0,Busy,2128,20
145,45525,19.929994,75.214034,4920,19.965267,75.186588,864,19.9103,75.207911,4.96,Low,Sunny,3.9,Available,1725,25
146,15105,19.929449,75.201757,3978,19.885177,75.174279,628,19.870465,75.185571,5.78,Low,Sunny,3.1,Available,1465,25
147,84971,19.813391,75.396782,5998,19.860874,75.383903,662,19.802013,75.451948,5.46,Medium,Sunny,4.0,Available,2397,16
148,27073,19.829889,75.424958,5000,19.782071,75.441337,974,19.904032,75.434585,5.61,High,Sunny,3.1,Available,995,30
149,32669,19.975698,75.264133,6432,19.991115,75.233943,664,19.986151,75.258362,3.76,Low,Sunny,4.2,Available,524,17
150,43365,19.87038,75.228692,4062,19.906394,75.250973,788,19.801207,75.261946,4.7,Low,Cloudy,3.2,Available,952,23
151,93457,19.856328,75.302941,4137,19.871425,75.307484,829,19.786292,75.304941,1.75,High,Cloudy,5.0,Available,1059,19
152,84905,19.779038,75.364907,6774,19.7452,75.340456,875,19.8505,75.374536,4.63,Medium,Sunny,3.1,Available,1377,22
153,30354,19.864497,75.226368,8264,19.880175,75.258578,541,19.845364,75.270466,3.98,High,Rainy,3.4,Available,575,17
154,17239,19.841073,75.428773,7710,19.844376,75.394568,892,19.872417,75.475695,3.81,High,Rainy,3.7,Busy,1998,26
155,14135,19.887566,75.208346,7629,19.873935,75.23161,916,19.938826,75.178452,2.99,Medium,Cloudy,4.9,Busy,1647,14
156,64400,19.976345,75.36698,9766,19.989812,75.333575,608,20.037453,75.355378,4.0,High,Rainy,4.4,Available,2343,27
157,34217,19.793105,75.414544,7788,19.825011,75.418623,726,19.826744,75.38484,3.57,High,Cloudy,4.6,Available,1349,21
158,69165,19.775977,75.221795,5079,19.797885,75.213807,776,19.840835,75.260142,2.59,Medium,Cloudy,4.2,Available,995,18
159,91557,19.935425,75.410934,7416,19.910822,75.364046,824,19.973712,75.347949,5.88,High,Rainy,3.3,Busy,223,26
160,97960,19.798908,75.208297,6925,19.779303,75.223613,642,19.869037,75.26769,2.76,High,Sunny,4.6,Available,2357,15
161,60290,19.750043,75.24227,5741,19.739019,75.23022,750,19.70632,75.223328,1.81,Medium,Rainy,3.8,Busy,1630,12
162,33383,19.814409,75.414585,5249,19.793631,75.455662,601,19.855043,75.46337,5.11,Low,Rainy,4.2,Available,1759,24
163,89222,19.950733,75.228145,2531,19.971102,75.232215,774,19.886179,75.186848,2.31,Low,Sunny,4.6,Available,2481,21
164,73095,19.768163,75.259878,4198,19.797621,75.213345,754,19.781412,75.339148,6.11,Medium,Sunny,4.0,Available,1399,36
165,54900,19.91964,75.33131,8851,19.872905,75.368165,916,19.84999,75.404242,6.61,Low,Rainy,3.9,Available,2321,32
166,36649,19.889631,75.357827,7748,19.898801,75.37809,905,19.84762,75.359805,2.47,Medium,Sunny,4.9,Available,2107,24
167,27569,19.976283,75.26724,3394,19.96698,75.306388,938,19.89675,75.193603,4.47,Medium,Cloudy,4.8,Available,461,16
168,15410,19.859086,75.347717,2455,19.862787,75.383131,736,19.787005,75.401048,3.95,Low,Cloudy,3.9,Available,803,21
169,22605,19.964303,75.299254,6482,19.923012,75.310961,809,19.902517,75.27449,4.76,High,Rainy,4.7,Available,1617,20
170,71035,19.952919,75.367736,9210,19.928736,75.385197,831,19.920395,75.402685,3.31,Medium,Sunny,3.0,Available,1466,12
171,62893,19.763691,75.350949,4052,19.78235,75.312398,930,19.745105,75.343947,4.75,Medium,Sunny,3.2,Available,1207,23
172,34306,19.966597,75.367143,3702,19.984464,75.353335,540,19.981583,75.288764,2.51,Medium,Rainy,4.8,Available,1663,21
173,27154,19.777728,75.425613,4155,19.734372,75.42901,953,19.72047,75.347486,4.83,Medium,Rainy,3.9,Available,2098,14
174,82982,19.944489,75.373123,2431,19.937482,75.39042,793,19.90855,75.342133,2.07,Medium,Cloudy,3.9,Available,1574,19
175,94162,19.924651,75.224718,4243,19.963616,75.175949,834,19.903859,75.149105,6.93,Low,Rainy,4.0,Available,106,25
176,50379,19.751543,75.296469,1913,19.780715,75.306068,975,19.687745,75.352011,3.41,Medium,Cloudy,3.9,Available,2000,18
177,52417,19.756333,75.326364,7980,19.802735,75.314785,913,19.682572,75.251317,5.31,High,Cloudy,3.8,Available,2272,16
178,12169,19.969861,75.278492,3172,20.008701,75.288786,536,20.022134,75.355934,4.46,Low,Rainy,4.9,Available,2256,21
179,46575,19.874524,75.238536,8151,19.879895,75.242706,777,19.916428,75.29192,0.75,High,Rainy,3.6,Available,861,11
180,72443,19.878273,75.286819,9491,19.88632,75.250739,638,19.86932,75.307016,4.1,High,Rainy,4.6,Available,2251,19
181,84965,19.796302,75.298784,7905,19.750248,75.296339,774,19.803186,75.255224,5.12,High,Sunny,4.2,Available,2393,26
182,26859,19.906574,75.316696,8684,19.86002,75.363657,964,19.978432,75.31876,7.34,Medium,Rainy,3.6,Available,1710,30
183,38064,19.851481,75.351439,9125,19.893354,75.337666,715,19.887596,75.414551,4.89,High,Cloudy,3.9,Available,1002,30
184,90018,19.808891,75.207698,8742,19.856044,75.179773,793,19.846336,75.249713,6.08,Medium,Sunny,3.1,Busy,1933,27
185,36943,19.938553,75.283352,1276,19.961858,75.28621,963,19.985496,75.361839,2.61,Medium,Cloudy,4.7,Available,678,21
186,96156,19.901464,75.391529,9068,19.936056,75.402889,687,19.835641,75.389549,4.04,Medium,Cloudy,3.8,Available,1481,24
187,76634,19.77553,75.402059,4426,19.820299,75.359291,571,19.848348,75.405671,6.87,Medium,Sunny,4.0,Available,2469,29
188,20350,19.814631,75.400871,3555,19.857554,75.391381,789,19.879609,75.37231,4.88,Low,Rainy,3.5,Available,536,21
189,45596,19.832297,75.361954,2556,19.794589,75.40082,902,19.83279,75.35385,6.01,Medium,Cloudy,3.1,Available,1111,22
190,94227,19.92833,75.267852,2228,19.928,75.246279,558,19.869743,75.288581,2.39,High,Sunny,4.5,Available,1090,12
191,68608,19.760776,75.269042,8161,19.781474,75.225311,848,19.81507,75.189653,5.37,Low,Sunny,3.2,Busy,732,19
192,15793,19.931454,75.422968,5523,19.924836,75.463962,951,19.911825,75.497221,4.61,Low,Sunny,4.4,Available,1028,19
193,54760,19.781997,75.263558,8094,19.819548,75.231839,893,19.746547,75.204294,5.46,High,Sunny,3.6,Available,1846,24
194,27508,19.838578,75.416455,6621,19.836175,75.377553,803,19.860086,75.45978,4.33,Low,Rainy,4.5,Available,496,23
195,36654,19.858625,75.420039,5424,19.830199,75.43782,665,19.875865,75.387287,3.72,High,Cloudy,4.5,Busy,1039,28
196,64336,19.816104,75.291946,9547,19.771913,75.253097,520,19.818642,75.254761,6.53,Low,Cloudy,3.0,Available,1915,25
197,46609,19.968235,75.207855,9016,19.991855,75.190879,855,20.033206,75.170523,3.23,Low,Rainy,4.8,Available,2377,18
198,53791,19.778877,75.204237,3745,19.805893,75.234953,959,19.71811,75.16673,4.54,Low,Sunny,4.5,Available,2159,31
199,56607,19.902492,75.337096,1719,19.940418,75.354654,542,19.910006,75.389858,4.64,High,Sunny,3.6,Available,1182,21
200,12204,19.858882,75.214929,6345,19.876046,75.22315,911,19.937315,75.173194,2.11,Medium,Rainy,4.9,Available,332,15
201,48458,19.782385,75.355603,8659,19.810517,75.363433,698,19.725899,75.405383,3.24,High,Rainy,4.3,Available,1172,18
202,33989,19.912776,75.215551,3606,19.877506,75.166335,658,19.933723,75.207179,6.72,Medium,Sunny,4.9,Available,2162,32
203,94703,19.906313,75.21906,4644,19.883783,75.249757,621,19.899859,75.226512,4.23,Low,Rainy,3.1,Available,1216,27
204,18811,19.978846,75.331808,8888,19.968032,75.347719,739,19.916269,75.353654,2.14,High,Cloudy,4.0,Available,456,16
205,73064,19.766809,75.355586,8186,19.814927,75.324597,970,19.813624,75.42085,6.35,Medium,Sunny,4.9,Available,1029,25
206,18199,19.806888,75.360154,4423,19.823548,75.326424,983,19.817302,75.403614,4.18,Medium,Sunny,4.7,Available,2318,24
207,34532,19.790914,75.328671,3217,19.821742,75.304053,751,19.750243,75.313113,4.38,Low,Sunny,3.2,Available,766,23
208,63574,19.840265,75.388566,4824,19.882108,75.433659,822,19.852605,75.365705,6.83,Medium,Sunny,3.5,Available,1205,33
209,73811,19.957514,75.419339,4008,20.004951,75.372091,613,20.011885,75.459623,7.43,Low,Cloudy,4.9,Available,1872,30
210,66575,19.848325,75.281585,3871,19.882291,75.245966,934,19.837141,75.346186,5.46,Medium,Sunny,3.8,Available,973,19
211,18275,19.797076,75.347783,2422,19.76569,75.330939,741,19.853881,75.300915,3.95,Low,Rainy,3.1,Busy,2020,28
212,55095,19.90057,75.237899,4607,19.938158,75.241808,523,19.865766,75.225936,4.19,Low,Rainy,3.3,Available,924,20
213,42252,19.870177,75.213659,4832,19.917485,75.186272,687,19.838849,75.18229,6.07,High,Rainy,3.1,Available,943,31
214,70142,19.924586,75.352408,4240,19.96419,75.384211,952,19.885036,75.315838,5.64,Low,Cloudy,3.7,Busy,1145,21
215,38884,19.784408,75.295172,9501,19.775855,75.320555,648,19.707715,75.258215,2.97,Medium,Sunny,3.5,Available,1683,24
216,21156,19.912953,75.243022,3800,19.960195,75.237903,820,19.858397,75.191853,5.27,High,Rainy,4.6,Available,1501,20
217,42934,19.829259,75.207714,1508,19.784449,75.171931,625,19.783402,75.234137,6.37,Low,Rainy,3.2,Available,2003,32
218,63312,19.787498,75.396551,8106,19.810942,75.384987,973,19.711529,75.450791,2.9,Medium,Cloudy,4.2,Busy,858,19
219,89747,19.86525,75.376548,7871,19.868679,75.380621,814,19.853985,75.345962,0.59,Medium,Sunny,4.9,Available,758,6
220,11481,19.905745,75.356257,8256,19.8874,75.387898,647,19.905987,75.2876,4.06,Medium,Rainy,4.1,Busy,694,20
221,21442,19.787447,75.246729,5595,19.739427,75.235797,963,19.738075,75.232594,5.47,Medium,Sunny,3.9,Busy,2265,22
222,91938,19.766586,75.25135,5821,19.75473,75.299555,696,19.812164,75.288708,5.51,High,Cloudy,4.6,Available,859,20
223,32931,19.813553,75.308005,8196,19.86159,75.264755,779,19.816545,75.256703,7.17,Medium,Cloudy,3.2,Available,2088,33
224,24256,19.841451,75.266069,4802,19.811984,75.264373,676,19.804416,75.232063,3.28,Medium,Cloudy,4.9,Available,318,13
225,77054,19.848986,75.373949,7163,19.844788,75.333159,974,19.857527,75.39661,4.55,Medium,Rainy,3.7,Available,172,27
226,55800,19.887464,75.416524,5195,19.932137,75.377115,558,19.832237,75.487682,6.61,Medium,Rainy,4.8,Available,1913,37
227,94381,19.843875,75.203849,5120,19.852168,75.179159,992,19.835916,75.277062,2.89,Low,Sunny,4.2,Available,2409,18
228,29874,19.960346,75.308505,2779,19.936217,75.301945,840,19.996098,75.229954,2.78,Low,Rainy,4.3,Available,2359,17
229,72956,19.951818,75.384681,9560,19.903193,75.359519,744,19.906123,75.34801,6.08,Medium,Rainy,3.9,Available,1437,36
230,44397,19.953542,75.295821,2526,19.952892,75.274151,637,19.999425,75.279413,2.41,Medium,Sunny,3.5,Busy,1899,25
231,43458,19.848324,75.251554,9685,19.878296,75.234915,989,19.906755,75.317995,3.81,Low,Sunny,3.1,Available,544,23
232,93961,19.873056,75.236097,1679,19.901455,75.228036,919,19.873069,75.281713,3.28,Medium,Sunny,3.4,Available,234,24
233,64122,19.77424,75.39111,9003,19.765207,75.406627,975,19.735878,75.336629,1.99,Low,Sunny,4.6,Busy,341,16
234,73059,19.816513,75.277452,1802,19.791509,75.278953,951,19.822202,75.254554,2.78,High,Cloudy,4.7,Available,1434,19
235,12591,19.930862,75.358054,9758,19.918214,75.335204,851,19.887947,75.329031,2.9,Low,Sunny,3.2,Busy,761,25
236,42854,19.856224,75.303629,7219,19.807549,75.283223,970,19.849694,75.289404,5.86,Medium,Rainy,4.0,Available,696,28
237,96465,19.931569,75.274197,9676,19.935706,75.25872,633,19.917841,75.311383,1.78,High,Cloudy,3.2,Available,214,15
238,79166,19.800497,75.439966,1146,19.812127,75.445654,617,19.787021,75.428597,1.44,High,Rainy,4.4,Available,548,6
239,40049,19.950221,75.357855,6618,19.953471,75.319394,640,19.967123,75.296608,4.28,Low,Rainy,3.3,Available,170,24
240,25810,19.866795,75.304818,6126,19.818607,75.334094,813,19.797842,75.300699,6.26,High,Sunny,4.3,Available,1503,26
241,19359,19.910373,75.38816,4893,19.906879,75.425577,655,19.862923,75.328542,4.17,Medium,Sunny,4.1,Available,758,18
242,47405,19.753567,75.27022,3104,19.724363,75.224419,731,19.750249,75.219296,6.03,High,Sunny,5.0,Available,2480,27
243,61756,19.803256,75.435636,9181,19.75754,75.430275,834,19.734457,75.472314,5.11,High,Rainy,3.7,Available,2007,24
244,18026,19.902187,75.320997,4306,19.852718,75.351446,885,19.945837,75.328744,6.45,Low,Sunny,4.2,Available,1953,27
245,68847,19.904366,75.355118,4792,19.928591,75.322106,854,19.855562,75.417584,4.55,Low,Cloudy,4.8,Available,1912,27
246,54516,19.924401,75.276726,6876,19.915898,75.298004,969,19.906195,75.290887,2.54,Low,Sunny,3.4,Available,749,19
247,53307,19.767703,75.374039,4278,19.755983,75.406222,835,19.793225,75.421438,3.8,Medium,Cloudy,4.1,Available,2208,15
248,47019,19.939467,75.215785,1922,19.967146,75.24795,855,19.933311,75.293114,4.71,Medium,Sunny,4.5,Available,491,19
249,13748,19.757746,75.419796,7718,19.732086,75.42553,521,19.683983,75.446492,2.92,Medium,Sunny,4.8,Busy,554,16
250,60357,19.972471,75.406663,5988,20.01278,75.45002,755,20.020687,75.434544,6.57,High,Sunny,3.9,Available,2400,32
251,94748,19.832898,75.395935,3850,19.839516,75.377213,958,19.857593,75.353058,2.2,Medium,Rainy,4.5,Available,1091,12
252,46607,19.879581,75.356154,2258,19.916024,75.364848,941,19.892533,75.434663,4.16,High,Rainy,3.9,Available,1399,20
253,94178,19.963702,75.285476,7039,19.96647,75.25664,638,20.043003,75.362455,3.22,Medium,Sunny,3.9,Busy,1137,19
254,62113,19.948638,75.227516,4226,19.991143,75.24068,554,19.877341,75.250597,4.94,Low,Sunny,3.1,Available,932,21
255,74575,19.84518,75.251042,7982,19.799414,75.259015,759,19.837646,75.322841,5.16,Medium,Cloudy,4.6,Available,1166,15
256,14627,19.873265,75.322124,8389,19.863454,75.287493,665,19.884882,75.286446,4.0,Medium,Cloudy,4.5,Available,1152,11
257,99049,19.889575,75.420243,6021,19.927866,75.436148,708,19.843372,75.478322,4.6,High,Rainy,4.5,Available,1634,22
258,52788,19.893205,75.443346,2257,19.889706,75.478085,964,19.823188,75.416991,3.88,High,Sunny,5.0,Busy,1024,20
259,97954,19.931564,75.304055,5589,19.898376,75.30155,510,19.8604,75.374836,3.69,High,Sunny,4.1,Busy,2140,20
260,85831,19.797673,75.357645,2942,19.769644,75.309697,859,19.849932,75.33614,6.16,Low,Sunny,3.1,Available,1461,30
261,22453,19.785633,75.220684,3430,19.784087,75.200926,843,19.795778,75.269293,2.2,Low,Cloudy,4.6,Available,2043,9
262,56525,19.851602,75.446059,6462,19.841173,75.467578,644,19.816709,75.424269,2.65,Medium,Sunny,3.7,Available,1071,21
263,55991,19.795827,75.21124,9080,19.758463,75.217496,898,19.838253,75.281707,4.21,Medium,Rainy,4.0,Available,2348,5
264,27618,19.776913,75.399929,7587,19.739236,75.419782,826,19.763496,75.402145,4.73,Low,Sunny,4.9,Available,1078,16
265,23900,19.898291,75.257457,2881,19.903557,75.244674,769,19.924158,75.200053,1.53,Medium,Sunny,3.6,Available,1360,18
266,73909,19.88139,75.23575,7855,19.868845,75.265523,746,19.860173,75.169673,3.59,Low,Rainy,4.7,Available,407,19
267,29800,19.870049,75.347233,5820,19.895217,75.359581,749,19.886094,75.275795,3.11,Low,Sunny,3.3,Available,1010,16
268,81386,19.817036,75.251885,5204,19.790851,75.292728,778,19.811927,75.246493,5.39,Low,Sunny,3.3,Available,821,21
269,66830,19.96509,75.293951,4357,19.985902,75.29152,858,19.992994,75.336014,2.33,High,Sunny,4.0,Available,1324,24
270,88388,19.946186,75.432096,8069,19.995826,75.461697,916,19.986783,75.386576,6.42,High,Sunny,4.5,Busy,171,28
271,28074,19.840182,75.387692,4303,19.802731,75.414969,541,19.798091,75.416075,5.14,Low,Rainy,4.9,Available,713,33
272,96242,19.826407,75.273444,7999,19.780557,75.287153,804,19.841974,75.297985,5.31,Medium,Cloudy,4.2,Available,2324,26
273,87475,19.752365,75.379012,3105,19.77299,75.391281,768,19.830782,75.348913,2.66,High,Cloudy,3.2,Available,996,19
274,14567,19.795653,75.241221,7513,19.769652,75.262234,887,19.759325,75.215849,3.71,Low,Sunny,4.8,Available,1196,21
275,85033,19.938004,75.389262,9002,19.893565,75.33995,651,19.891996,75.415426,7.37,Medium,Rainy,3.8,Busy,239,30
276,77766,19.851213,75.382428,7511,19.895235,75.392808,628,19.909315,75.434027,5.02,Low,Cloudy,4.0,Available,1888,28
277,50953,19.887099,75.308461,1249,19.85354,75.270119,865,19.89457,75.372847,5.66,High,Rainy,4.3,Busy,838,36
278,52946,19.825163,75.202703,8409,19.857818,75.232801,637,19.761876,75.215,4.93,High,Sunny,3.2,Busy,684,28
279,40266,19.757462,75.364679,8616,19.760691,75.325006,859,19.705066,75.375555,4.42,High,Sunny,3.5,Available,705,13
280,49454,19.909163,75.314482,2587,19.881815,75.325879,844,19.86962,75.326903,3.29,Medium,Cloudy,4.6,Busy,777,15
281,53618,19.833389,75.401429,3028,19.816207,75.372335,707,19.766939,75.3961,3.75,Medium,Sunny,4.7,Available,1362,22
282,62732,19.855599,75.275821,8962,19.898854,75.237685,768,19.924999,75.30524,6.4,Low,Cloudy,3.1,Available,489,23
283,78154,19.879303,75.378688,7289,19.836148,75.370455,887,19.81792,75.396735,4.88,High,Rainy,4.3,Available,2038,28
284,20283,19.890721,75.293364,2895,19.866255,75.253951,907,19.867505,75.279472,5.15,Medium,Cloudy,3.6,Available,2145,19
285,79443,19.756706,75.426812,1807,19.722334,75.398821,686,19.75963,75.46043,4.92,High,Cloudy,3.6,Busy,2306,25
286,63218,19.82241,75.210763,3845,19.850506,75.200586,957,19.813435,75.273738,3.32,High,Sunny,3.0,Busy,2153,23
287,51247,19.807386,75.336868,6737,19.784824,75.377026,645,19.761819,75.398365,5.11,High,Rainy,4.7,Available,1511,19
288,51938,19.851332,75.233101,1725,19.839557,75.245035,953,19.844037,75.277931,1.86,Low,Rainy,3.9,Available,2398,11
289,35416,19.893233,75.255669,2814,19.873955,75.260315,701,19.879984,75.201305,2.2,Low,Rainy,4.5,Busy,1116,11
290,16782,19.786714,75.283906,2048,19.744395,75.257405,833,19.839538,75.355626,5.54,High,Rainy,3.5,Available,2405,33
291,57947,19.846601,75.202422,7197,19.882397,75.225538,830,19.918082,75.24748,4.73,High,Rainy,3.5,Available,1456,23
292,14922,19.880196,75.387863,9090,19.843393,75.389181,782,19.831308,75.322774,4.09,Low,Cloudy,3.3,Available,564,22
293,30855,19.770146,75.222479,2827,19.739471,75.177535,968,19.790379,75.188451,6.04,High,Cloudy,4.5,Available,1504,18
294,55283,19.799738,75.252147,6555,19.779377,75.293227,774,19.807324,75.289572,5.09,High,Cloudy,3.8,Available,1049,21
295,30323,19.910348,75.248359,1044,19.924498,75.224342,774,19.972122,75.311669,3.09,Low,Rainy,3.2,Available,2386,17
296,93231,19.841308,75.239079,9579,19.865103,75.225126,549,19.868711,75.202382,3.06,Medium,Sunny,5.0,Available,2282,20
297,14675,19.932578,75.364856,2170,19.940359,75.401466,989,19.898888,75.359685,4.15,Medium,Rainy,3.8,Available,2463,22
298,99389,19.90849,75.405818,1244,19.914109,75.43377,914,19.831082,75.456759,3.16,High,Sunny,4.8,Busy,420,30
299,31684,19.808196,75.416391,7761,19.76848,75.378987,698,19.88486,75.444205,6.06,Low,Rainy,3.6,Available,2329,36
300,58443,19.813462,75.392145,3077,19.786089,75.41138,583,19.770795,75.412198,3.71,Low,Cloudy,3.4,Available,1360,25
301,50469,19.911318,75.22836,9376,19.961009,75.196705,967,19.926381,75.21418,6.54,Low,Cloudy,3.0,Available,1811,29
302,38992,19.935271,75.299471,2409,19.965869,75.308673,658,19.881815,75.22342,3.55,Low,Cloudy,4.1,Busy,1851,19
303,79517,19.948492,75.237672,5769,19.983651,75.286817,627,19.984786,75.283235,6.71,Low,Sunny,3.6,Busy,247,29
304,67823,19.768783,75.431072,9044,19.751365,75.393849,622,19.759562,75.357867,4.56,Low,Sunny,4.7,Available,1923,24
305,91422,19.941249,75.429599,6675,19.956228,75.389942,900,19.925573,75.466229,4.71,High,Cloudy,3.2,Available,1478,17
306,91845,19.937514,75.423601,3237,19.969875,75.46348,970,19.946012,75.473562,5.7,High,Cloudy,4.3,Busy,2219,23
307,35216,19.977087,75.311026,8754,19.980274,75.348388,922,20.056378,75.32426,4.16,Low,Rainy,3.7,Available,1972,28
308,79639,19.780638,75.358099,3076,19.743471,75.365948,611,19.811586,75.390197,4.22,Low,Rainy,4.7,Available,270,22
309,62664,19.863173,75.399127,2499,19.836427,75.37173,551,19.871341,75.402897,4.25,High,Cloudy,3.6,Available,236,23
310,22254,19.761061,75.273916,7582,19.804315,75.276237,961,19.724547,75.257783,4.81,Medium,Sunny,4.2,Busy,1355,19
311,22615,19.917951,75.291206,2466,19.932048,75.287824,551,19.868341,75.323484,1.61,Medium,Rainy,4.9,Available,699,12
312,25989,19.905504,75.27681,6599,19.892506,75.281857,804,19.951906,75.247687,1.55,High,Rainy,3.7,Busy,1590,18
313,17008,19.901364,75.449437,3381,19.896538,75.43491,534,19.885477,75.38786,1.7,Low,Rainy,3.0,Available,343,10
314,65512,19.899216,75.438641,8657,19.864359,75.436383,506,19.915505,75.451719,3.88,Medium,Rainy,3.7,Available,1311,10
315,19121,19.892593,75.37455,2539,19.864085,75.328746,900,19.870776,75.310325,5.99,Low,Rainy,3.6,Available,1934,32
316,58785,19.782998,75.237861,6275,19.776275,75.247429,912,19.715896,75.308192,1.3,Medium,Rainy,4.0,Available,1401,14
317,17370,19.960631,75.289949,6185,19.941328,75.259469,607,19.98919,75.261645,4.0,Medium,Rainy,3.7,Available,1835,21
318,87713,19.752414,75.423766,8933,19.717328,75.452359,856,19.771283,75.398462,5.02,Medium,Sunny,3.0,Available,846,32
319,44493,19.89811,75.295238,9462,19.853567,75.305184,757,19.962495,75.276552,5.07,Low,Cloudy,3.9,Available,679,21
320,39793,19.877578,75.406483,7748,19.890724,75.434924,971,19.893348,75.392746,3.48,High,Cloudy,3.3,Available,278,16
321,52614,19.792513,75.214897,9456,19.802949,75.241266,941,19.796257,75.171181,3.15,High,Cloudy,3.2,Available,2002,21
322,90846,19.838574,75.413701,9226,19.883816,75.452057,505,19.801873,75.364767,6.58,High,Rainy,3.1,Available,1456,26
323,70610,19.878311,75.439948,4567,19.83318,75.399749,508,19.805362,75.389592,6.71,Low,Sunny,3.9,Available,1331,27
324,46824,19.976327,75.399121,1305,20.002003,75.417177,511,19.922899,75.328578,3.48,Medium,Rainy,4.5,Available,1264,24
325,75066,19.90465,75.242468,2819,19.860192,75.225583,645,19.947205,75.228657,5.28,Low,Cloudy,5.0,Available,1003,28
326,42230,19.804493,75.224241,3653,19.772396,75.253992,928,19.8329,75.23175,4.86,Medium,Rainy,4.8,Available,1237,24
327,79322,19.824732,75.371824,6266,19.870894,75.394848,534,19.823111,75.392739,5.73,High,Rainy,4.2,Available,1973,24
328,93232,19.934958,75.416606,3962,19.89092,75.435811,527,19.877356,75.403137,5.33,Medium,Sunny,4.2,Available,518,30
329,30923,19.752548,75.382543,9876,19.759727,75.375948,545,19.692959,75.367997,1.08,Medium,Rainy,3.6,Available,1018,16
330,13729,19.787135,75.317935,6974,19.792482,75.324964,962,19.740752,75.356698,0.98,High,Cloudy,3.9,Available,2494,13
331,39320,19.844853,75.248939,5340,19.846171,75.211989,608,19.835339,75.219708,4.1,Medium,Sunny,3.1,Available,2085,13
332,94517,19.823299,75.226169,1901,19.786159,75.233554,928,19.753043,75.151118,4.2,Low,Sunny,3.3,Available,2148,22
333,32499,19.86374,75.230424,5248,19.872549,75.212032,928,19.884055,75.279767,2.26,Low,Cloudy,4.8,Available,580,12
334,11462,19.850279,75.348512,6521,19.859244,75.30525,533,19.903326,75.296884,4.9,High,Cloudy,4.5,Available,373,21
335,96971,19.889113,75.296863,5476,19.925461,75.277743,828,19.856079,75.259423,4.56,High,Rainy,4.1,Available,887,24
336,46444,19.979298,75.380039,3572,19.95802,75.418014,759,19.907173,75.337012,4.83,Low,Cloudy,3.5,Available,1287,25
337,22940,19.804985,75.38951,4339,19.830986,75.37077,536,19.790694,75.34306,3.56,High,Sunny,4.9,Available,278,18
338,55264,19.971998,75.307046,5588,19.9852,75.329657,629,19.950712,75.250602,2.91,High,Cloudy,3.6,Available,1849,14
339,49867,19.795685,75.395847,2490,19.83661,75.38287,881,19.83589,75.459366,4.77,High,Cloudy,3.4,Busy,2452,24
340,30711,19.768953,75.349992,6810,19.767518,75.354584,571,19.837146,75.409402,0.53,Medium,Cloudy,3.5,Busy,1013,7
341,81894,19.825477,75.213443,3181,19.842413,75.186571,784,19.784448,75.182411,3.53,High,Rainy,4.7,Available,787,26
342,14922,19.816571,75.395804,7322,19.846895,75.44446,775,19.832225,75.328919,6.36,Medium,Rainy,4.7,Available,715,22
343,60906,19.770275,75.248634,1463,19.80233,75.266298,729,19.792043,75.232921,4.06,Low,Sunny,3.6,Available,1512,21
344,50205,19.910316,75.290746,1446,19.948244,75.313283,867,19.84833,75.27599,4.9,Medium,Cloudy,3.1,Busy,2418,28
345,47425,19.812229,75.262198,7947,19.856435,75.242025,746,19.85631,75.245097,5.39,Medium,Sunny,3.4,Available,178,19
346,33649,19.757652,75.230472,2990,19.749238,75.186785,976,19.741133,75.226313,4.94,Low,Cloudy,4.7,Available,439,18
347,61796,19.955863,75.413311,2045,19.973218,75.377047,790,19.920162,75.340681,4.46,Low,Rainy,3.6,Available,1098,21
348,77087,19.800516,75.200057,7852,19.842016,75.234445,925,19.839283,75.146907,5.98,Medium,Rainy,3.1,Available,994,31
349,10215,19.8057,75.218251,8299,19.830103,75.239351,759,19.76322,75.258152,3.58,Medium,Cloudy,3.5,Available,571,20
350,23329,19.919991,75.371628,3741,19.951498,75.409373,960,19.9637,75.399082,5.46,Medium,Cloudy,4.1,Available,2218,24
351,81927,19.879359,75.269861,1145,19.907609,75.308511,605,19.863142,75.327929,5.31,Low,Sunny,4.1,Busy,1554,18
352,95119,19.750138,75.276955,7103,19.724255,75.250312,910,19.681048,75.226895,4.12,High,Sunny,3.6,Available,2433,19
353,88812,19.958219,75.323239,4605,19.941235,75.283919,958,20.030763,75.252875,4.75,High,Cloudy,3.6,Available,1084,19
354,90440,19.959169,75.247532,9107,19.991294,75.251995,981,19.891626,75.320404,3.6,High,Sunny,4.7,Available,160,25
355,19269,19.776578,75.409105,7681,19.776825,75.360543,835,19.825055,75.486032,5.39,Low,Rainy,4.0,Busy,1104,30
356,42769,19.865769,75.39911,9316,19.889716,75.413663,580,19.810693,75.406637,3.11,Medium,Rainy,3.8,Available,1402,8
357,65830,19.969799,75.438408,6529,19.955032,75.392718,960,19.918454,75.421163,5.33,Low,Sunny,3.3,Available,947,25
358,50860,19.894364,75.248004,4225,19.858966,75.29181,534,19.961188,75.309999,6.25,High,Cloudy,4.8,Busy,2417,29
359,93123,19.892409,75.406202,3565,19.91129,75.411396,602,19.851103,75.394362,2.17,High,Rainy,4.3,Available,155,20
360,22861,19.79694,75.31726,1666,19.827034,75.285276,783,19.734518,75.378649,4.87,High,Sunny,4.4,Available,1085,37
361,10992,19.916816,75.290099,7858,19.875523,75.260314,573,19.924094,75.243228,5.65,Low,Sunny,3.5,Busy,1475,21
362,13720,19.775642,75.342602,3883,19.783798,75.364072,836,19.734077,75.333605,2.55,Low,Cloudy,4.1,Available,595,17
363,54755,19.825403,75.293021,3148,19.851385,75.276903,544,19.897733,75.331089,3.39,High,Rainy,3.1,Available,254,12
364,47394,19.862098,75.372854,3905,19.838273,75.385278,935,19.9148,75.323308,2.98,Low,Cloudy,4.1,Available,276,17
365,67986,19.945149,75.290814,6994,19.974543,75.334913,548,19.964863,75.329474,5.88,Low,Cloudy,3.8,Available,1241,24
366,13228,19.892417,75.320074,5582,19.908587,75.291987,847,19.830472,75.335503,3.6,Low,Cloudy,3.1,Available,1559,30
367,75603,19.848234,75.318775,3506,19.88803,75.32128,501,19.881399,75.279123,4.43,Medium,Cloudy,4.0,Available,2059,27
368,91149,19.919779,75.414241,7447,19.96365,75.413477,879,19.951918,75.471129,4.87,Medium,Rainy,3.7,Available,1257,18
369,11996,19.777458,75.281961,6311,19.809033,75.291692,855,19.76044,75.277711,3.67,High,Cloudy,3.4,Busy,915,27
370,59294,19.92017,75.397256,2410,19.882081,75.361311,877,19.886006,75.400148,5.81,Low,Sunny,4.1,Busy,571,21
371,29324,19.969218,75.379811,9738,20.012235,75.38257,618,19.930643,75.308263,4.78,Medium,Sunny,3.2,Available,982,20
372,40825,19.956622,75.345672,6204,19.919033,75.307813,713,19.992003,75.295078,5.92,Low,Rainy,4.0,Available,1125,27
373,12567,19.869442,75.249389,2674,19.899959,75.217967,623,19.803037,75.239188,4.86,Medium,Cloudy,4.5,Busy,2383,27
374,40935,19.816212,75.381174,7998,19.849854,75.417423,634,19.786772,75.437528,5.49,Medium,Cloudy,3.1,Available,1019,25
375,73753,19.791308,75.270338,9084,19.787066,75.267877,747,19.836588,75.310363,0.54,Medium,Rainy,3.5,Busy,2061,12
376,47706,19.842531,75.306238,3838,19.830819,75.328146,725,19.850134,75.377242,2.76,Medium,Cloudy,3.2,Available,695,14
377,63026,19.829625,75.363447,5530,19.814645,75.375169,869,19.891194,75.320464,2.11,High,Sunny,4.9,Busy,1284,24
378,91731,19.81671,75.250366,7353,19.793231,75.217342,728,19.752013,75.237428,4.5,Low,Cloudy,4.8,Available,1537,27
379,37829,19.86852,75.225592,6378,19.893697,75.266215,589,19.90747,75.230844,5.3,Low,Cloudy,4.4,Available,2026,26
380,81695,19.921621,75.40051,8318,19.88768,75.404244,923,19.872334,75.435588,3.79,Low,Sunny,3.6,Busy,859,24
381,65934,19.842546,75.274502,2798,19.855094,75.239988,539,19.822226,75.227948,4.08,Medium,Sunny,3.1,Available,1360,20
382,66463,19.976735,75.409652,1989,20.007592,75.391442,688,19.898139,75.390793,3.98,Low,Sunny,4.1,Busy,383,20
383,37959,19.974702,75.246733,1098,19.969229,75.245545,696,20.024792,75.18261,0.62,Medium,Sunny,3.7,Available,1323,7
384,47045,19.820033,75.445737,5402,19.834311,75.467505,509,19.896292,75.426089,2.89,Low,Rainy,4.3,Busy,1633,10
385,87814,19.886403,75.322307,9417,19.849737,75.296561,604,19.853074,75.390197,4.97,Low,Cloudy,3.9,Available,350,25
386,31673,19.887496,75.366185,9102,19.879429,75.386295,589,19.873213,75.366927,2.41,Medium,Sunny,4.4,Available,1090,14
387,70654,19.846769,75.325486,6287,19.887762,75.347212,547,19.8599,75.373135,5.15,High,Rainy,3.9,Available,806,22
388,70408,19.765813,75.337429,9945,19.757529,75.375204,623,19.718452,75.389663,4.29,Low,Rainy,4.6,Available,2098,24
389,25504,19.947307,75.276226,4057,19.916575,75.239133,536,19.914965,75.321034,5.35,Low,Rainy,3.0,Available,645,16
390,54921,19.913224,75.445928,7537,19.868242,75.405597,509,19.948497,75.41102,6.71,Low,Cloudy,3.1,Available,168,27
391,45897,19.845314,75.433957,4645,19.84102,75.412983,978,19.855224,75.371867,2.38,Low,Cloudy,3.9,Available,1501,17
392,64144,19.891466,75.431727,5025,19.937672,75.432623,718,19.883918,75.396318,5.13,Low,Sunny,4.2,Available,1728,17
393,38690,19.979722,75.213742,2407,19.987576,75.171999,852,19.924445,75.204072,4.71,Medium,Sunny,3.5,Available,2256,23
394,32486,19.881296,75.427399,6490,19.831914,75.458467,872,19.953035,75.362011,6.48,High,Cloudy,4.9,Available,1140,34
395,21182,19.908318,75.387175,9449,19.879632,75.423893,562,19.981253,75.345049,5.17,High,Sunny,3.1,Available,303,22
396,61012,19.890609,75.292743,6176,19.917824,75.259789,710,19.872132,75.268256,4.74,Low,Rainy,3.1,Available,518,22
397,60901,19.936295,75.259572,8378,19.908733,75.260022,864,19.898031,75.181026,3.06,Medium,Rainy,4.0,Available,1855,24
398,37445,19.901798,75.297192,2502,19.864939,75.273441,753,19.914792,75.332099,4.87,High,Rainy,4.9,Available,2305,25
399,84755,19.824288,75.422253,7310,19.790351,75.389555,967,19.786972,75.361378,5.23,Low,Cloudy,3.2,Busy,2364,18
400,24953,19.794219,75.277367,7276,19.841709,75.268478,607,19.785373,75.289614,5.36,Medium,Sunny,3.5,Available,1602,20
401,16130,19.905681,75.216024,8419,19.915295,75.239982,986,19.859436,75.270684,2.87,Medium,Cloudy,4.7,Available,2086,19
402,21826,19.861216,75.255023,1508,19.836614,75.292792,831,19.795547,75.289481,5.0,Medium,Rainy,3.8,Available,816,27
403,53730,19.950465,75.304586,4557,19.944905,75.284914,503,19.985122,75.281972,2.27,Low,Sunny,4.7,Busy,766,11
404,64512,19.91136,75.202457,1354,19.902278,75.185395,836,19.9423,75.245056,2.15,High,Rainy,4.6,Available,541,18
405,94363,19.909372,75.446842,9919,19.881888,75.463074,568,19.926921,75.513258,3.54,Low,Sunny,4.5,Available,272,29
406,36505,19.869312,75.212791,4945,19.842598,75.211991,615,19.83895,75.161873,2.97,Low,Cloudy,3.5,Available,1674,19
407,58784,19.787617,75.276031,6676,19.799728,75.256211,894,19.851576,75.296576,2.58,High,Sunny,4.7,Available,1175,21
408,36756,19.769612,75.416546,3833,19.769531,75.3962,665,19.73203,75.405668,2.26,Medium,Rainy,3.3,Available,262,13
409,83313,19.811443,75.427666,2932,19.80501,75.390575,668,19.850211,75.450563,4.18,Medium,Cloudy,4.2,Available,1549,28
410,46404,19.913381,75.228126,7030,19.936973,75.205636,723,19.935638,75.20268,3.62,Medium,Rainy,4.6,Available,2244,18
411,11893,19.801292,75.301974,6322,19.78607,75.254139,910,19.735976,75.330927,5.57,High,Sunny,4.0,Available,380,29
412,86478,19.94007,75.375375,2074,19.936004,75.330885,885,19.928373,75.370419,4.96,Low,Rainy,4.3,Available,601,32
413,75584,19.960192,75.445261,4566,19.976373,75.47695,825,20.000119,75.477186,3.95,High,Cloudy,3.6,Available,222,23
414,76060,19.863615,75.417338,9399,19.887298,75.417442,810,19.875257,75.359294,2.63,Low,Rainy,3.7,Available,585,14
415,57636,19.895141,75.206246,9391,19.917214,75.207648,870,19.912062,75.227347,2.46,Low,Sunny,3.2,Available,1920,20
416,99452,19.967993,75.299148,9740,19.93048,75.301693,841,19.905512,75.251605,4.17,Low,Sunny,4.1,Available,702,24
417,63463,19.919103,75.356412,4673,19.927179,75.38058,528,19.94714,75.309353,2.83,Low,Rainy,4.4,Available,2008,15
418,87225,19.7743,75.403213,1947,19.782176,75.415042,652,19.819334,75.435737,1.58,High,Cloudy,3.1,Available,635,15
419,19583,19.754409,75.307997,2235,19.70771,75.353391,564,19.707996,75.354225,7.23,High,Rainy,3.4,Available,1936,33
420,49451,19.797864,75.38843,2507,19.773202,75.427938,963,19.809693,75.364554,5.17,Low,Rainy,4.0,Busy,1960,22
421,74994,19.817217,75.273704,3441,19.802672,75.280163,574,19.777589,75.34015,1.77,High,Sunny,4.8,Available,1100,8
422,71715,19.905669,75.275397,9867,19.874499,75.255771,787,19.840552,75.218416,4.09,Low,Cloudy,4.0,Available,406,24
423,54565,19.918738,75.410005,4799,19.923236,75.368683,606,19.876634,75.356394,4.61,Low,Cloudy,4.1,Available,1738,22
424,47534,19.8477,75.285437,6362,19.816042,75.236121,572,19.842423,75.315141,6.5,Medium,Rainy,3.3,Busy,1637,23
425,27138,19.838052,75.357659,8396,19.831066,75.351436,581,19.807711,75.3996,1.04,Medium,Cloudy,4.9,Busy,461,8
426,69025,19.83039,75.27893,8281,19.859526,75.296986,961,19.798319,75.272169,3.8,Low,Rainy,3.5,Available,161,25
427,55929,19.75389,75.427391,9511,19.730853,75.459359,601,19.833786,75.38122,4.37,High,Cloudy,4.4,Available,619,30
428,25733,19.764205,75.383588,5652,19.766378,75.354908,636,19.809282,75.336189,3.19,Low,Cloudy,3.2,Available,614,19
429,71869,19.913062,75.426525,5675,19.876835,75.38196,524,19.836027,75.369504,6.37,High,Rainy,4.9,Available,1745,25
430,10767,19.832985,75.388212,4895,19.832988,75.350993,670,19.846143,75.356192,4.13,High,Cloudy,4.3,Busy,1321,22
431,27194,19.953917,75.302736,7841,19.964347,75.315738,804,19.940698,75.245826,1.85,Medium,Cloudy,3.6,Available,590,11
432,19479,19.970742,75.412895,5920,20.007121,75.403572,866,20.01272,75.355915,4.17,High,Rainy,3.0,Available,801,28
433,41826,19.922625,75.386605,9113,19.887177,75.424403,669,19.885695,75.463766,5.75,High,Cloudy,3.4,Available,2253,32
434,48169,19.756709,75.33531,4022,19.712,75.355424,768,19.685625,75.401186,5.44,Low,Rainy,4.0,Available,852,28
435,71313,19.934188,75.312783,2392,19.956058,75.321407,633,19.932967,75.263554,2.61,High,Cloudy,3.5,Busy,2297,12
436,85403,19.956694,75.314127,4981,19.921638,75.357121,777,19.950087,75.263188,6.16,High,Rainy,3.1,Available,880,13
437,83953,19.778803,75.295513,2209,19.731626,75.33103,533,19.756204,75.316492,6.55,High,Rainy,3.9,Available,1583,23
438,16749,19.904887,75.353625,1964,19.944134,75.311488,628,19.877833,75.313351,6.39,High,Cloudy,4.5,Available,1297,32
439,10028,19.844559,75.258581,2013,19.796524,75.29652,642,19.919057,75.233232,6.79,Medium,Rainy,5.0,Busy,1664,32
440,90664,19.89561,75.424756,2460,19.907984,75.388158,822,19.834132,75.479826,4.29,High,Cloudy,4.0,Available,1663,20
441,54460,19.908512,75.285367,2040,19.880073,75.316738,626,19.863249,75.292091,4.7,High,Cloudy,3.3,Busy,1192,36
442,46445,19.970884,75.211147,6796,19.93519,75.162548,614,19.981581,75.28031,6.69,High,Sunny,4.6,Available,1040,36
443,33806,19.90742,75.325805,5133,19.933935,75.324334,647,19.851321,75.349526,2.95,High,Sunny,4.7,Available,1020,20
444,12017,19.808236,75.400923,8957,19.840018,75.448818,858,19.808535,75.393716,6.38,Medium,Sunny,3.3,Available,607,25
445,65311,19.818286,75.200157,8027,19.864595,75.241911,831,19.860617,75.132809,6.92,Low,Cloudy,3.0,Available,1109,27
446,91103,19.934517,75.296277,4401,19.926305,75.250728,779,19.900779,75.288483,5.14,Medium,Cloudy,3.9,Busy,1202,26
447,35008,19.965317,75.328379,2176,20.010345,75.331948,776,19.948387,75.384092,5.01,High,Sunny,4.6,Available,1653,28
448,85701,19.871385,75.33936,8799,19.919218,75.366677,600,19.808388,75.383909,6.11,Low,Sunny,3.9,Available,1130,29
449,99826,19.818653,75.36809,2447,19.801529,75.345901,511,19.768163,75.367693,3.11,High,Sunny,3.4,Available,928,19
450,87926,19.967421,75.429269,8734,19.975764,75.42553,756,20.018349,75.458601,1.01,High,Cloudy,4.6,Available,1090,5
451,94585,19.778449,75.345819,4513,19.801925,75.327972,995,19.703993,75.286175,3.27,Low,Cloudy,4.0,Available,1963,24
452,62066,19.930946,75.327432,4870,19.910953,75.292558,932,19.896494,75.307587,4.46,High,Sunny,4.1,Available,183,17
453,38942,19.775763,75.412366,9405,19.779048,75.409498,805,19.852739,75.450827,0.48,High,Sunny,4.5,Available,2265,14
454,56157,19.906393,75.250718,8095,19.930956,75.30028,911,19.932897,75.249675,6.14,Medium,Rainy,3.7,Available,945,23
455,42376,19.762863,75.235545,5466,19.718146,75.248129,918,19.691584,75.289375,5.16,Medium,Cloudy,4.1,Available,711,16
456,27806,19.798327,75.229083,9598,19.845339,75.181281,912,19.846759,75.275169,7.44,High,Cloudy,3.5,Available,2427,36
457,36469,19.965621,75.372982,2313,19.931206,75.347326,667,20.020372,75.326471,4.76,High,Rainy,4.8,Available,845,20
458,45281,19.906811,75.422188,4803,19.926062,75.396541,779,19.975876,75.358962,3.56,Medium,Cloudy,4.0,Available,1405,14
459,64712,19.83317,75.301605,8460,19.864107,75.289533,725,19.760726,75.249835,3.69,Medium,Cloudy,4.6,Available,1130,20
460,23163,19.898169,75.362681,7035,19.934851,75.402078,582,19.965336,75.297857,5.98,Medium,Rainy,4.5,Available,309,27
461,68408,19.933407,75.380028,5911,19.892021,75.376409,672,19.881243,75.354024,4.61,Medium,Rainy,3.8,Available,383,28
462,47792,19.786021,75.44369,6917,19.820275,75.443778,521,19.863048,75.37927,3.8,Low,Rainy,3.7,Busy,1472,23
463,26608,19.900127,75.263917,1737,19.886584,75.298285,735,19.851318,75.316216,4.1,High,Rainy,3.1,Available,609,27
464,86669,19.782841,75.297359,8777,19.828011,75.279331,636,19.841737,75.358359,5.4,Medium,Rainy,4.4,Available,1401,27
465,69055,19.861611,75.394477,6127,19.849847,75.38879,794,19.841801,75.373251,1.45,High,Rainy,3.7,Available,2455,9
466,20683,19.879248,75.278641,8280,19.837685,75.297142,976,19.912489,75.25624,5.05,Low,Rainy,3.2,Available,468,30
467,83960,19.857337,75.213177,3242,19.811094,75.234895,894,19.863432,75.21457,5.67,Medium,Cloudy,4.5,Available,155,28
468,29276,19.939639,75.304427,6534,19.896948,75.281794,857,20.01644,75.319828,5.36,Low,Rainy,3.4,Available,1118,27
469,80198,19.85276,75.311875,5326,19.898262,75.353838,861,19.822551,75.265324,6.87,Low,Sunny,4.1,Available,725,21
470,27127,19.940947,75.366003,1462,19.924784,75.409555,532,20.0069,75.319499,5.16,Low,Rainy,4.5,Busy,2387,30
471,81545,19.888123,75.332513,5458,19.840907,75.307179,809,19.881661,75.353074,5.95,High,Cloudy,4.5,Available,697,26
472,45418,19.851879,75.34036,3384,19.886783,75.334725,797,19.918879,75.33082,3.92,High,Cloudy,3.4,Busy,1268,17
473,91426,19.822355,75.328022,3423,19.866424,75.2828,891,19.798712,75.385074,7.01,Low,Rainy,3.4,Available,495,34
474,27358,19.977325,75.316319,1223,19.933149,75.292546,505,19.967096,75.261423,5.57,Medium,Sunny,3.5,Available,1209,31
475,98478,19.862886,75.218883,1393,19.874673,75.235469,683,19.843474,75.291591,2.26,Low,Cloudy,3.5,Available,1457,21
476,25690,19.849127,75.272041,2909,19.859519,75.227,603,19.784276,75.197298,5.13,High,Cloudy,4.2,Available,1766,37
477,86794,19.829876,75.266307,9101,19.848485,75.311186,711,19.792764,75.316142,5.39,Medium,Sunny,4.1,Available,2462,24
478,27221,19.899489,75.388442,5584,19.91169,75.39245,689,19.939427,75.424852,1.43,High,Cloudy,3.7,Available,2450,6
479,79893,19.811756,75.3231,5879,19.845429,75.289468,699,19.776069,75.253628,5.28,High,Cloudy,3.5,Available,392,24
480,45454,19.97148,75.351921,1233,20.019819,75.386032,708,19.897235,75.377265,6.57,Low,Sunny,4.7,Available,443,34
481,60255,19.757005,75.222719,8520,19.792473,75.235775,895,19.796563,75.176226,4.2,Low,Rainy,4.5,Available,128,19
482,50524,19.917847,75.383866,7948,19.875849,75.369812,580,19.975186,75.341083,4.92,High,Cloudy,3.0,Available,714,27
483,79586,19.954303,75.314985,1325,19.965,75.283835,862,20.003098,75.389757,3.66,Medium,Rainy,5.0,Available,292,15
484,92011,19.822976,75.320928,5234,19.802436,75.296799,980,19.747119,75.286562,3.52,Low,Rainy,3.0,Available,920,20
485,98720,19.842774,75.369118,1597,19.811767,75.400993,652,19.781444,75.394078,4.94,High,Sunny,4.5,Available,2308,25
486,55687,19.835213,75.34223,2363,19.873384,75.386421,912,19.873543,75.276089,6.48,Medium,Cloudy,3.8,Available,2024,27
487,51548,19.854411,75.275416,7554,19.842813,75.310856,876,19.894251,75.238986,4.14,Medium,Sunny,4.8,Available,156,9
488,11353,19.956908,75.395483,5987,19.926444,75.354158,953,19.973779,75.324618,5.7,Low,Cloudy,4.1,Available,2198,37
489,42471,19.861567,75.335207,9444,19.893403,75.302375,953,19.91082,75.366068,5.08,Medium,Cloudy,4.4,Available,1687,29
490,87224,19.82774,75.426717,5409,19.836477,75.385257,683,19.819709,75.467734,4.7,High,Rainy,4.0,Busy,1326,24
491,75294,19.793598,75.423059,9795,19.786692,75.392859,637,19.783681,75.408458,3.44,Medium,Cloudy,4.0,Available,909,22
492,96784,19.839253,75.398991,3514,19.819829,75.356276,885,19.908475,75.382119,5.21,Low,Cloudy,3.6,Available,123,33
493,45771,19.889719,75.33079,9502,19.927167,75.285133,960,19.851484,75.390912,6.55,High,Rainy,3.0,Available,948,32
494,65283,19.80009,75.369259,4258,19.830411,75.375447,989,19.838631,75.395157,3.44,Low,Cloudy,3.8,Available,475,9
495,35318,19.802258,75.301602,1966,19.837384,75.33145,807,19.765004,75.260728,5.12,Low,Sunny,3.5,Available,973,24
496,74210,19.857778,75.347825,7382,19.896462,75.386711,506,19.897095,75.27345,6.09,Medium,Cloudy,3.7,Available,897,33
497,59390,19.752533,75.304159,7843,19.718034,75.320604,581,19.785941,75.25262,4.24,Low,Rainy,3.9,Available,1590,25
498,57078,19.97875,75.369793,8804,19.936157,75.419076,893,19.964013,75.335777,7.23,Medium,Sunny,4.2,Available,335,37
499,62186,19.815975,75.270114,4262,19.78195,75.23652,508,19.781605,75.316968,5.31,Low,Cloudy,5.0,Available,1970,21
500,83300,19.787888,75.307458,5541,19.766614,75.331137,707,19.780435,75.385743,3.53,Medium,Rainy,3.7,Available,1906,15
501,86675,19.842007,75.394585,7331,19.886128,75.430773,816,19.852292,75.380232,6.33,Medium,Cloudy,3.2,Available,1256,19
502,20974,19.77255,75.331704,6615,19.72826,75.292758,608,19.727652,75.326,6.55,High,Rainy,4.6,Busy,1016,28
503,16458,19.761977,75.203205,3756,19.791531,75.20092,697,19.702918,75.160896,3.29,Medium,Cloudy,4.7,Available,901,22
504,42449,19.946177,75.296906,1583,19.928496,75.340422,931,19.924309,75.279352,5.21,Medium,Rainy,4.3,Available,2039,22
505,76324,19.915416,75.38631,5945,19.916861,75.369409,812,19.969408,75.355889,1.88,Low,Sunny,3.8,Busy,1746,21
506,66733,19.894704,75.292573,8320,19.867319,75.329856,603,19.945034,75.250001,5.13,High,Rainy,3.8,Available,2291,18
507,42328,19.865707,75.220729,9859,19.877707,75.204751,576,19.922655,75.210278,2.22,Medium,Cloudy,3.4,Available,2252,22
508,17086,19.774444,75.410496,3317,19.772729,75.426432,537,19.776153,75.406824,1.78,High,Cloudy,4.0,Busy,1949,15
509,78711,19.823614,75.305444,8849,19.796586,75.275401,685,19.74966,75.328383,4.49,High,Rainy,3.7,Available,1777,23
510,91867,19.79613,75.25384,8844,19.775317,75.221116,979,19.776828,75.319573,4.3,Medium,Rainy,4.6,Busy,2360,28
511,84163,19.876369,75.364045,5947,19.864593,75.342224,823,19.911886,75.421945,2.75,Medium,Sunny,4.0,Available,2235,18
512,43012,19.924153,75.276412,3625,19.933451,75.28018,765,19.844907,75.207994,1.11,Low,Sunny,4.8,Available,862,16
513,46142,19.805877,75.427091,9847,19.765188,75.423905,949,19.867884,75.449694,4.53,High,Sunny,3.6,Available,660,11
514,21595,19.818575,75.231616,6646,19.85283,75.217834,837,19.84425,75.226947,4.1,Medium,Cloudy,4.2,Available,2396,26
515,72709,19.788518,75.294751,1939,19.773876,75.257998,574,19.816083,75.296142,4.39,Low,Sunny,4.7,Busy,1256,17
516,15295,19.934507,75.28719,5076,19.953895,75.253153,615,19.997912,75.271909,4.35,Medium,Rainy,4.4,Busy,1444,10
517,59882,19.941187,75.391692,5890,19.926251,75.379373,958,19.946556,75.311731,2.15,Medium,Sunny,3.5,Busy,1290,24
518,12810,19.768063,75.289101,7152,19.792828,75.29417,512,19.81875,75.362636,2.81,Low,Sunny,4.2,Available,2062,22
519,25659,19.838201,75.238057,2645,19.854872,75.216486,695,19.851926,75.25194,3.03,High,Cloudy,3.5,Available,328,17
520,15912,19.754137,75.433193,6130,19.71197,75.452015,819,19.799738,75.480439,5.13,Low,Sunny,3.9,Busy,716,28
521,34722,19.862803,75.229937,8446,19.893069,75.204634,508,19.926741,75.295669,4.38,High,Cloudy,3.6,Available,1344,24
522,38743,19.792072,75.291262,2306,19.785316,75.303579,573,19.723981,75.291853,1.56,Low,Rainy,4.3,Available,1315,9
523,11695,19.855815,75.27442,2907,19.80911,75.283433,706,19.85968,75.2397,5.28,Medium,Sunny,5.0,Available,1474,31
524,11789,19.900473,75.268857,4036,19.947247,75.251011,709,19.98019,75.348243,5.56,Medium,Rainy,3.1,Available,352,17
525,96310,19.79877,75.226274,7811,19.81761,75.192119,657,19.844798,75.19604,4.33,High,Sunny,3.0,Available,546,22
526,46821,19.860859,75.217615,5537,19.838673,75.200066,717,19.932079,75.182842,3.14,Medium,Cloudy,4.1,Available,2233,27
527,68601,19.976347,75.384063,1364,20.003772,75.399683,764,19.971813,75.395523,3.5,Medium,Sunny,4.4,Available,873,16
528,66095,19.80503,75.270132,6202,19.837077,75.278564,724,19.806394,75.241084,3.68,Medium,Sunny,4.2,Available,1661,21
529,48097,19.910842,75.37778,1603,19.866039,75.413755,624,19.904163,75.339767,6.38,Low,Sunny,4.6,Available,248,27
530,65833,19.900098,75.314025,4756,19.889875,75.296496,655,19.97713,75.255585,2.25,High,Sunny,4.0,Available,2470,17
531,45950,19.808597,75.428632,4160,19.769902,75.454375,932,19.849805,75.478195,5.16,High,Rainy,3.5,Available,370,20
532,32117,19.792223,75.263191,4240,19.782887,75.251507,838,19.839369,75.256202,1.66,Low,Rainy,3.5,Available,780,13
533,63450,19.773268,75.202833,1324,19.778131,75.250172,812,19.763458,75.209354,5.28,Medium,Cloudy,3.5,Busy,1748,25
534,20447,19.95415,75.291963,4081,19.918432,75.311551,828,19.900483,75.332552,4.52,Medium,Cloudy,4.8,Available,725,26
535,38439,19.760824,75.367137,2690,19.797101,75.333427,664,19.81081,75.42368,5.5,Low,Rainy,3.5,Busy,1197,19
536,89415,19.915686,75.31112,3670,19.891315,75.280161,717,19.942879,75.231184,4.37,High,Cloudy,3.2,Available,2135,20
537,72894,19.778355,75.236863,5537,19.731329,75.194036,791,19.803934,75.225916,7.06,Low,Sunny,5.0,Available,2172,24
538,58285,19.815207,75.437106,8600,19.849453,75.459343,547,19.747686,75.374087,4.53,Low,Sunny,3.3,Busy,2196,26
539,93602,19.897059,75.232259,3460,19.890091,75.20973,933,19.959099,75.158753,2.62,Medium,Rainy,4.4,Available,1076,8
540,26630,19.903756,75.443157,4219,19.914439,75.405149,729,19.875073,75.50198,4.38,Low,Cloudy,4.0,Available,313,24
541,12108,19.772507,75.34404,4614,19.777875,75.312879,718,19.701506,75.276953,3.51,Low,Cloudy,4.6,Busy,572,23
542,37939,19.862544,75.328144,2845,19.839321,75.323639,618,19.85787,75.361207,2.63,High,Rainy,3.7,Available,743,18
543,11359,19.788741,75.390116,5431,19.837234,75.434693,968,19.740278,75.450174,7.31,Low,Rainy,4.7,Available,1289,32
544,88287,19.895652,75.224874,2025,19.906069,75.18697,605,19.828244,75.229244,4.36,Low,Rainy,4.4,Available,715,22
545,99941,19.879065,75.371859,6969,19.861607,75.331333,560,19.955204,75.33766,4.9,High,Rainy,3.0,Busy,146,32
546,48736,19.908617,75.275348,8641,19.921215,75.240402,633,19.903663,75.276056,4.12,High,Rainy,4.3,Busy,756,24
547,62134,19.831832,75.329034,7083,19.812316,75.347825,810,19.890065,75.296852,3.01,Low,Cloudy,4.2,Available,1629,14
548,52676,19.762675,75.421968,7763,19.782974,75.393581,950,19.71202,75.411034,3.87,High,Sunny,4.8,Available,2432,23
549,59752,19.89703,75.218786,5284,19.86045,75.233262,976,19.871376,75.252058,4.37,Low,Sunny,3.5,Available,1858,11
550,99314,19.864365,75.223498,7437,19.843437,75.271871,587,19.938079,75.194776,5.85,Medium,Sunny,4.7,Available,2191,34
551,14239,19.942423,75.362697,5428,19.95384,75.346111,985,19.993288,75.288835,2.24,High,Sunny,4.2,Available,1687,15
552,52865,19.91686,75.220265,5659,19.938505,75.195227,917,19.977294,75.270369,3.67,High,Sunny,4.6,Available,569,26
553,16806,19.948056,75.219585,7429,19.905313,75.254617,943,19.902112,75.246586,6.13,Medium,Sunny,3.3,Available,1605,31
554,72502,19.87914,75.246483,7655,19.851577,75.245868,973,19.952996,75.289626,3.06,Medium,Cloudy,3.7,Available,932,13
555,91641,19.82466,75.38029,3888,19.840439,75.426201,630,19.893634,75.426591,5.39,Medium,Sunny,3.5,Busy,997,24
556,48546,19.784186,75.31404,8768,19.783422,75.267703,802,19.735505,75.366319,5.14,Low,Sunny,3.6,Busy,374,24
557,28157,19.788371,75.211671,4561,19.816324,75.18693,732,19.841114,75.244301,4.14,High,Cloudy,3.8,Available,2411,14
558,76168,19.871574,75.402651,5268,19.895126,75.41903,503,19.809716,75.43795,3.18,High,Sunny,4.8,Busy,1692,20
559,45157,19.968821,75.355579,4553,19.989493,75.335383,518,19.954756,75.311384,3.21,Low,Rainy,4.8,Available,1401,29
560,34783,19.870028,75.218544,2937,19.83923,75.252544,624,19.906014,75.281706,5.09,Medium,Sunny,5.0,Available,486,27
561,82728,19.790637,75.345057,5775,19.83104,75.327075,966,19.817878,75.295122,4.91,High,Cloudy,4.6,Available,1954,21
562,53151,19.973381,75.309508,1656,20.009484,75.316094,728,19.918539,75.340008,4.07,Low,Cloudy,4.3,Busy,588,22
563,63969,19.922654,75.322151,6041,19.932976,75.304709,528,20.00003,75.348927,2.25,High,Rainy,3.7,Available,1689,16
564,25588,19.823506,75.347952,4683,19.780729,75.312697,548,19.755225,75.397923,6.15,High,Sunny,4.5,Available,2096,26
565,28526,19.945486,75.381547,7184,19.979669,75.361448,878,19.916142,75.408942,4.4,High,Sunny,4.4,Busy,1330,19
566,13271,19.867899,75.433567,1209,19.870172,75.412726,875,19.830603,75.502288,2.33,High,Rainy,4.2,Available,2342,19
567,35117,19.921862,75.277926,1358,19.902486,75.31171,837,19.853439,75.338903,4.32,High,Rainy,4.2,Busy,726,27
568,51476,19.898286,75.288822,3532,19.853202,75.241928,577,19.906955,75.330747,7.22,High,Rainy,4.7,Available,1841,26
569,43270,19.883829,75.213837,4885,19.848287,75.233363,809,19.826572,75.236201,4.5,High,Cloudy,3.8,Available,1145,27
570,44341,19.964746,75.335597,3634,19.967492,75.29971,708,19.884872,75.385219,4.0,High,Cloudy,4.1,Available,639,22
571,11095,19.888864,75.240983,6901,19.912459,75.221106,523,19.883007,75.256892,3.42,Low,Sunny,3.6,Available,1287,19
572,68784,19.810268,75.420429,2340,19.84945,75.390073,673,19.828483,75.354464,5.5,High,Rainy,4.4,Available,628,21
573,18625,19.836946,75.225737,7431,19.858848,75.226126,905,19.870349,75.185568,2.43,Low,Cloudy,3.5,Available,1224,17
574,18007,19.896845,75.271704,1227,19.876208,75.261664,780,19.953234,75.271752,2.55,Low,Sunny,3.8,Available,359,17
575,29689,19.91724,75.200179,2538,19.960925,75.166632,846,19.874613,75.162335,6.11,High,Sunny,5.0,Available,2472,29
576,76333,19.944213,75.259806,9209,19.935734,75.271315,543,19.941203,75.253326,1.59,High,Sunny,4.2,Available,544,11
577,23418,19.837664,75.302963,3015,19.860422,75.298127,517,19.894741,75.374018,2.58,Low,Sunny,3.8,Available,1237,28
578,56978,19.909129,75.295767,7884,19.946039,75.302599,585,19.89945,75.226526,4.17,Medium,Rainy,4.7,Available,490,24
579,38460,19.910538,75.397565,4037,19.890113,75.39713,797,19.897917,75.383249,2.27,Low,Sunny,4.8,Available,691,17
580,76267,19.794555,75.286457,1799,19.780339,75.237302,863,19.848828,75.211576,5.68,Low,Rainy,4.2,Busy,1559,25
581,33555,19.921734,75.223455,3949,19.922992,75.229874,665,19.920799,75.260555,0.73,High,Rainy,4.9,Available,929,12
582,39430,19.862841,75.412192,9051,19.883447,75.411237,672,19.824072,75.47378,2.29,Medium,Sunny,3.4,Available,432,10
583,40846,19.978181,75.232588,9107,20.007788,75.222066,692,19.976936,75.293492,3.49,Medium,Rainy,4.1,Available,2148,27
584,89702,19.898023,75.227019,7572,19.891647,75.274214,734,19.824031,75.19758,5.29,Low,Rainy,4.7,Busy,567,28
585,24691,19.887246,75.284301,7852,19.863497,75.24649,970,19.888807,75.297943,4.96,Medium,Rainy,4.0,Available,2413,19
586,10496,19.972828,75.447973,2463,20.001804,75.464323,735,19.948145,75.395397,3.69,Medium,Rainy,4.4,Available,1993,24
587,42975,19.97994,75.261016,5190,20.006271,75.269662,847,19.941739,75.338121,3.08,Low,Sunny,3.1,Available,1789,18
588,81325,19.960417,75.288004,2145,19.951498,75.239841,798,19.9237,75.33676,5.44,Low,Sunny,4.5,Available,419,25
589,93337,19.942963,75.274418,3316,19.958939,75.238116,690,19.972862,75.340546,4.4,High,Cloudy,4.1,Busy,1558,27
590,90083,19.819804,75.286336,5760,19.86891,75.246531,657,19.804547,75.216328,7.02,Low,Cloudy,4.4,Available,604,30
591,24925,19.896439,75.255309,5867,19.914146,75.282533,740,19.892153,75.274145,3.6,Medium,Sunny,3.4,Available,515,18
592,63555,19.79912,75.202668,4954,19.826776,75.234833,929,19.728637,75.220413,4.71,High,Cloudy,4.6,Busy,632,30
593,10493,19.811882,75.402972,8042,19.81523,75.358248,581,19.804992,75.473717,4.98,Medium,Rainy,3.2,Available,328,24
594,11055,19.934315,75.299409,4083,19.917946,75.272857,818,19.931219,75.307702,3.46,High,Cloudy,3.8,Busy,2075,19
595,96593,19.826675,75.312281,4514,19.833741,75.30584,762,19.81305,75.349517,1.06,Low,Rainy,4.7,Available,946,16
596,11750,19.919924,75.423241,5027,19.914718,75.426288,764,19.906448,75.479301,0.67,Medium,Cloudy,3.7,Available,1344,12
597,27669,19.958224,75.22076,7474,19.927329,75.214835,843,19.971785,75.271356,3.49,Medium,Cloudy,3.8,Busy,1791,14
598,80649,19.894131,75.371193,9419,19.856675,75.399841,821,19.817021,75.36843,5.23,High,Cloudy,4.5,Available,508,27
599,49023,19.894648,75.229485,8441,19.910142,75.207815,906,19.814687,75.169795,2.96,Medium,Sunny,4.7,Available,492,27
600,80077,19.906736,75.215884,8876,19.896361,75.262266,679,19.912973,75.181945,5.28,Medium,Sunny,4.4,Available,745,35
601,68480,19.776321,75.276358,8044,19.804447,75.26295,877,19.734977,75.30391,3.46,High,Rainy,3.4,Available,2055,22
602,21322,19.779131,75.305158,5276,19.777225,75.292789,518,19.757241,75.233521,1.39,High,Cloudy,3.9,Available,679,10
603,87339,19.86187,75.274613,8953,19.875679,75.253428,781,19.819631,75.311495,2.81,Low,Sunny,4.7,Available,334,14
604,18720,19.754537,75.233796,3939,19.774057,75.195821,509,19.711454,75.209914,4.74,Low,Sunny,4.4,Available,1001,21
605,27274,19.775512,75.301562,6920,19.802616,75.295085,517,19.847007,75.296376,3.09,High,Cloudy,4.6,Busy,1800,20
606,92643,19.908388,75.444664,3329,19.931048,75.487537,611,19.957077,75.390762,5.38,Low,Rainy,3.7,Available,1357,28
607,83786,19.885546,75.331285,6370,19.855845,75.326472,834,19.933058,75.345753,3.34,Medium,Sunny,4.4,Available,1209,22
608,28033,19.917995,75.313315,8351,19.936428,75.299306,779,19.944844,75.23981,2.57,High,Rainy,4.8,Busy,1909,13
609,74377,19.9791,75.225845,6539,19.947166,75.188848,916,19.951525,75.179473,5.42,Medium,Rainy,4.0,Busy,2050,20
610,70719,19.828769,75.226991,8494,19.785734,75.235885,871,19.832074,75.265743,4.88,High,Rainy,3.3,Available,1040,31
611,39960,19.916274,75.402591,4718,19.945959,75.365348,643,19.980802,75.430156,5.29,High,Sunny,4.9,Available,191,26
612,93707,19.969911,75.374568,7283,19.940688,75.326596,854,19.966618,75.376761,6.24,Medium,Rainy,3.2,Available,761,24
613,50741,19.92441,75.398408,7386,19.936056,75.447,774,19.946803,75.456049,5.55,High,Cloudy,4.9,Available,700,29
614,88170,19.79247,75.285274,3867,19.796824,75.306442,986,19.746218,75.312878,2.4,Low,Rainy,3.2,Available,2000,19
615,61369,19.966422,75.321593,5796,19.962684,75.3501,759,20.017874,75.330311,3.19,High,Rainy,3.0,Busy,467,30
616,76957,19.862632,75.390643,8283,19.89597,75.375446,828,19.925376,75.385919,4.07,High,Sunny,5.0,Busy,1523,19
617,10591,19.868938,75.390903,7277,19.863671,75.419889,920,19.887873,75.328999,3.27,Low,Sunny,3.9,Available,198,10
618,22938,19.847391,75.328732,3274,19.814459,75.345023,922,19.903797,75.290002,4.08,Medium,Sunny,4.2,Available,379,20
619,39714,19.790388,75.216134,2618,19.798154,75.201915,727,19.754461,75.265288,1.8,Low,Sunny,3.6,Busy,2161,8
620,56628,19.867236,75.29499,7708,19.862085,75.343055,517,19.84328,75.287339,5.37,Medium,Rainy,4.6,Available,2278,24
621,46575,19.808338,75.257015,8876,19.759491,75.220049,967,19.777821,75.195716,6.8,Low,Sunny,3.6,Available,2073,27
622,41655,19.806752,75.312524,7103,19.758965,75.326595,527,19.79298,75.275733,5.53,Low,Sunny,4.3,Available,1824,27
623,66363,19.947495,75.229369,6037,19.976062,75.246721,641,19.885897,75.26054,3.71,High,Sunny,4.9,Available,518,19
624,50412,19.957342,75.267596,5310,19.987696,75.317156,672,19.917768,75.25748,6.45,High,Rainy,3.6,Available,1092,31
625,76577,19.762053,75.426954,7927,19.784179,75.444665,511,19.765665,75.472066,3.15,High,Rainy,3.8,Available,123,20
626,79803,19.925728,75.204509,6988,19.969153,75.163151,826,19.973606,75.268288,6.66,Low,Sunny,4.7,Available,773,31
627,16487,19.87745,75.352181,1258,19.920149,75.368693,991,19.907987,75.398096,5.08,Low,Sunny,3.7,Busy,1460,27
628,78535,19.823443,75.263051,2193,19.869035,75.305381,538,19.816614,75.318442,6.91,High,Cloudy,4.6,Available,1578,25
629,20265,19.852146,75.395339,7127,19.870151,75.408855,507,19.917675,75.318224,2.5,Low,Rainy,4.6,Available,530,14
630,45361,19.93498,75.364789,7852,19.924785,75.366152,985,19.983467,75.344573,1.14,Low,Rainy,4.9,Available,2418,9
631,54045,19.765432,75.348426,8147,19.792635,75.381247,963,19.712717,75.412013,4.73,Low,Sunny,4.8,Available,746,24
632,37268,19.852117,75.243677,7875,19.821982,75.221748,835,19.932008,75.206559,4.14,Low,Cloudy,4.3,Available,767,18
633,75049,19.800951,75.315887,8496,19.797983,75.353245,599,19.842999,75.317979,4.16,High,Rainy,4.7,Available,1794,16
634,64766,19.914255,75.415308,6913,19.879723,75.410463,680,19.899538,75.445302,3.87,Low,Sunny,3.3,Available,920,13
635,85700,19.957662,75.298621,2793,20.005775,75.324524,813,19.959499,75.321665,6.07,Low,Sunny,4.7,Available,2006,33
636,92015,19.849014,75.31681,7041,19.823022,75.35627,730,19.855822,75.393361,5.24,High,Rainy,4.1,Busy,754,27
637,59262,19.837088,75.304533,9281,19.841751,75.309882,750,19.836512,75.273493,0.79,High,Sunny,4.4,Available,2191,5
638,41969,19.860163,75.424249,2816,19.849643,75.469581,752,19.857784,75.500054,5.17,High,Rainy,4.8,Busy,2097,23
639,22809,19.900366,75.206368,6660,19.856727,75.178476,770,19.902356,75.213712,5.75,High,Rainy,3.3,Available,1972,21
640,15674,19.88943,75.28423,6002,19.897979,75.265795,931,19.82334,75.239902,2.26,Medium,Sunny,3.9,Available,1118,17
641,27563,19.889325,75.440718,6193,19.898272,75.437835,841,19.901069,75.509182,1.04,Medium,Cloudy,3.6,Available,1337,15
642,73822,19.799367,75.359426,7229,19.799975,75.381148,721,19.852636,75.398261,2.41,High,Rainy,4.1,Available,1288,18
643,13439,19.822048,75.388417,4928,19.794055,75.37727,791,19.880564,75.424325,3.34,Low,Sunny,3.4,Available,1006,22
644,30927,19.814786,75.320168,2811,19.809586,75.282246,827,19.802964,75.286177,4.25,High,Rainy,3.6,Available,1238,19
645,67803,19.924952,75.320181,7975,19.968108,75.340969,807,19.96462,75.27169,5.32,Low,Cloudy,4.7,Available,1702,22
646,35557,19.75451,75.367842,6423,19.756826,75.407706,922,19.700813,75.416499,4.43,Low,Sunny,3.3,Available,1694,17
647,25701,19.779065,75.443423,5799,19.752129,75.47071,505,19.7533,75.386316,4.26,Medium,Sunny,4.3,Available,1515,22
648,26569,19.867121,75.356889,2551,19.85276,75.339238,772,19.790824,75.356942,2.53,Medium,Sunny,3.3,Available,2063,17
649,30229,19.978164,75.371663,4435,20.0123,75.363148,602,20.021022,75.298144,3.91,Low,Rainy,3.8,Busy,1201,14
650,95779,19.832166,75.344263,4060,19.816393,75.30265,866,19.911015,75.284612,4.94,High,Cloudy,3.3,Available,1411,29
651,37452,19.810286,75.285761,7341,19.801356,75.307803,715,19.812132,75.356731,2.64,High,Rainy,3.6,Available,344,18
652,54387,19.769013,75.231542,1124,19.737554,75.232744,524,19.847772,75.25596,3.49,Medium,Sunny,4.1,Available,2235,17
653,81725,19.764833,75.343573,2142,19.777036,75.344147,920,19.815569,75.401334,1.36,Medium,Cloudy,4.4,Busy,939,23
654,82534,19.801579,75.224609,1510,19.84326,75.230626,832,19.746191,75.271559,4.67,High,Rainy,3.3,Busy,1744,28
655,63609,19.908631,75.381218,3063,19.928443,75.362315,543,19.844577,75.344813,3.04,Medium,Rainy,5.0,Available,2378,19
656,19415,19.966972,75.291271,6718,20.00823,75.319323,520,20.007842,75.308346,5.54,High,Cloudy,4.3,Available,652,39
657,56053,19.918427,75.394237,9473,19.955673,75.365801,549,19.851836,75.3915,5.2,Low,Sunny,4.7,Available,2063,22
658,57396,19.865523,75.380372,3072,19.816116,75.389616,771,19.921108,75.357476,5.58,High,Sunny,3.5,Available,674,26
659,49807,19.770241,75.423384,6373,19.759168,75.404721,679,19.764219,75.405795,2.41,High,Cloudy,4.9,Available,1562,20
660,23280,19.939542,75.201331,4535,19.946024,75.185251,817,19.911171,75.224516,1.92,Low,Cloudy,3.7,Available,834,13
661,33930,19.752678,75.339203,8368,19.76883,75.348394,606,19.790483,75.350617,2.06,High,Rainy,3.2,Available,2468,8
662,87088,19.825612,75.380108,6608,19.839989,75.36339,991,19.866392,75.403899,2.45,Medium,Rainy,4.2,Available,1713,13
663,67003,19.867894,75.314664,4679,19.882126,75.332645,805,19.877291,75.334655,2.55,High,Sunny,3.3,Busy,496,14
664,11614,19.908631,75.413037,5555,19.91455,75.41625,560,19.893001,75.358893,0.75,Low,Rainy,4.5,Busy,1692,12
665,47132,19.773868,75.403232,7042,19.727755,75.419126,953,19.737477,75.462679,5.41,High,Rainy,4.0,Available,2343,23
666,83839,19.806174,75.340088,1947,19.758348,75.342145,525,19.788857,75.352428,5.31,Medium,Sunny,4.3,Busy,2411,31
667,91556,19.809071,75.314032,1789,19.762073,75.303755,773,19.820482,75.386532,5.34,Medium,Cloudy,3.6,Available,665,29
668,18272,19.966576,75.377782,3804,19.94614,75.385887,901,20.037653,75.427672,2.44,High,Rainy,4.6,Available,719,8
669,50750,19.947262,75.266558,4066,19.948715,75.227247,764,19.972881,75.320331,4.37,Medium,Rainy,3.1,Busy,1776,21
670,65665,19.851457,75.383405,8394,19.86396,75.418807,692,19.899851,75.310025,4.17,Medium,Sunny,4.0,Available,722,12
671,64740,19.816456,75.221562,7104,19.860113,75.209382,615,19.828681,75.268283,5.03,High,Rainy,4.4,Available,500,23
672,28040,19.966959,75.331943,1620,19.970962,75.328046,815,19.939101,75.328048,0.62,Medium,Rainy,4.3,Available,352,18
673,73197,19.952457,75.440226,7621,19.991757,75.462144,868,19.966056,75.470508,4.99,High,Sunny,3.5,Available,529,29
674,38768,19.824267,75.320318,6273,19.836002,75.310809,682,19.776007,75.39418,1.68,Medium,Sunny,4.5,Available,1569,11
675,68596,19.875161,75.335867,8292,19.874876,75.299346,757,19.874533,75.282924,4.05,High,Sunny,4.9,Available,1940,23
676,58581,19.834769,75.440003,5370,19.866815,75.475398,705,19.78232,75.403357,5.3,Low,Rainy,3.9,Available,1185,18
677,94458,19.795971,75.257965,3276,19.825765,75.264278,519,19.716894,75.246657,3.38,High,Sunny,3.2,Available,1157,21
678,88348,19.976375,75.40794,5008,19.973355,75.4134,832,20.031283,75.404897,0.69,Medium,Rainy,4.7,Available,1958,11
679,14781,19.967495,75.310734,5064,19.977424,75.308368,573,20.03675,75.242908,1.13,Medium,Rainy,4.4,Available,1583,15
680,65200,19.755396,75.282354,1354,19.759083,75.323433,934,19.810845,75.222754,4.58,Medium,Cloudy,4.2,Available,923,15
681,66227,19.963294,75.300653,4765,20.002324,75.289048,990,20.001185,75.296804,4.52,High,Rainy,3.9,Available,1547,33
682,89599,19.94344,75.328374,1881,19.907356,75.302072,512,19.935116,75.278593,4.96,Low,Sunny,4.1,Busy,1951,24
683,99723,19.819956,75.392704,3526,19.802678,75.366924,610,19.767005,75.436681,3.44,Medium,Rainy,4.5,Available,2267,15
684,99407,19.821246,75.330471,6645,19.837616,75.318581,549,19.856361,75.304257,2.25,Low,Rainy,5.0,Busy,456,11
685,75263,19.965004,75.410231,8485,19.979372,75.421161,620,19.959781,75.430469,2.0,Medium,Sunny,4.9,Available,1587,17
686,43071,19.756068,75.397799,6067,19.731933,75.381865,983,19.686322,75.346519,3.21,Medium,Cloudy,4.5,Available,1742,21
687,28047,19.913938,75.338751,4364,19.954357,75.348968,793,19.912821,75.384471,4.63,High,Sunny,4.5,Available,371,17
688,51552,19.944025,75.244563,8119,19.984486,75.22863,569,19.924363,75.309586,4.83,High,Sunny,3.3,Available,320,34
689,83567,19.885753,75.373819,6563,19.870138,75.393207,616,19.947226,75.369358,2.76,High,Cloudy,3.5,Available,1252,13
690,49986,19.82998,75.419105,9559,19.800146,75.376929,958,19.876079,75.472783,5.73,Medium,Cloudy,4.4,Available,1846,19
691,87848,19.815516,75.326291,6783,19.818649,75.356849,523,19.862132,75.33931,3.41,High,Cloudy,3.1,Busy,2098,24
692,77546,19.818535,75.202968,8377,19.798601,75.210776,736,19.798685,75.208548,2.38,High,Rainy,4.3,Available,2328,11
693,18888,19.836947,75.202027,7746,19.787872,75.198084,747,19.835081,75.125638,5.46,Medium,Rainy,3.6,Available,2228,24
694,56947,19.769978,75.375428,2878,19.725242,75.331359,729,19.73883,75.438879,6.97,Low,Rainy,4.5,Available,912,28
695,41876,19.756978,75.44965,7412,19.769341,75.455521,913,19.6865,75.413383,1.52,High,Rainy,4.4,Available,2064,23
696,76299,19.914504,75.242796,8541,19.874952,75.216548,937,19.895288,75.238941,5.27,High,Sunny,4.1,Available,1303,29
697,69768,19.815094,75.309491,3823,19.800594,75.266746,667,19.842807,75.361522,5.01,High,Sunny,5.0,Available,1528,15
698,27241,19.962931,75.427316,9712,19.964148,75.41333,529,19.957337,75.457699,1.56,Medium,Sunny,3.4,Busy,1843,5
699,25748,19.952458,75.269984,4791,19.913054,75.231208,762,19.919054,75.288253,6.14,Low,Rainy,3.2,Available,1873,28
700,15079,19.791211,75.361768,7724,19.787638,75.3613,800,19.779642,75.434731,0.4,Low,Sunny,3.2,Busy,111,0
701,78816,19.856645,75.222131,3212,19.867545,75.200952,865,19.802294,75.229256,2.64,Low,Rainy,3.6,Busy,621,11
702,52485,19.824138,75.352598,2469,19.868049,75.369772,615,19.756097,75.346308,5.23,Medium,Sunny,3.7,Available,1181,29
703,21517,19.802297,75.256424,6299,19.75439,75.266836,992,19.829609,75.272828,5.44,High,Sunny,3.4,Available,1807,19
704,53481,19.911907,75.284486,9722,19.892905,75.32774,546,19.871662,75.307291,5.24,Medium,Cloudy,4.4,Available,690,16
705,66531,19.807228,75.365308,4056,19.828219,75.316377,658,19.797502,75.42023,5.91,Low,Rainy,3.6,Busy,1893,30
706,91397,19.786272,75.263067,2385,19.751937,75.308358,645,19.771137,75.237022,6.31,High,Sunny,3.3,Available,1695,23
707,64261,19.931931,75.327553,3837,19.894716,75.351452,907,19.915433,75.289621,4.91,Medium,Cloudy,4.0,Available,718,23
708,37430,19.760098,75.363425,3940,19.787492,75.394808,617,19.759059,75.316284,4.62,Medium,Sunny,3.9,Available,1742,23
709,13098,19.912465,75.27262,9097,19.878982,75.314763,836,19.900157,75.237221,5.97,High,Sunny,4.5,Available,2310,26
710,37002,19.944,75.372093,6095,19.923487,75.413434,774,19.908089,75.420223,5.12,Medium,Sunny,4.2,Busy,2054,32
711,59431,19.903623,75.223367,3391,19.904408,75.189591,516,19.890239,75.276644,3.75,Low,Rainy,3.6,Available,2223,17
712,49028,19.835877,75.425531,9471,19.877623,75.468597,717,19.799148,75.409588,6.66,High,Rainy,3.1,Available,2353,26
713,12473,19.800438,75.376558,9108,19.828703,75.37209,543,19.83213,75.35863,3.18,Medium,Cloudy,3.8,Available,1194,9
714,92256,19.93857,75.338485,2667,19.933628,75.317038,897,19.906257,75.319781,2.44,Medium,Sunny,3.2,Available,1554,15
715,40105,19.803117,75.385876,5098,19.806316,75.416779,678,19.848034,75.340277,3.45,High,Rainy,3.7,Available,145,14
716,48485,19.809284,75.256607,3696,19.807355,75.256492,900,19.763698,75.220105,0.21,Low,Rainy,4.6,Available,429,10
717,36673,19.781803,75.441545,1772,19.813906,75.411993,955,19.731589,75.381651,4.84,High,Rainy,4.7,Available,1864,27
718,95674,19.926688,75.306297,6506,19.922434,75.308065,625,19.97978,75.331798,0.51,Medium,Cloudy,3.6,Available,431,18
719,80897,19.929303,75.343802,1641,19.97783,75.318553,726,19.862048,75.274985,6.07,Low,Sunny,4.9,Available,492,26
720,31395,19.859673,75.405659,6030,19.836809,75.37418,854,19.888683,75.411002,4.32,Medium,Cloudy,5.0,Available,2014,24
721,52192,19.909997,75.434472,7571,19.914233,75.461312,892,19.84427,75.388257,3.02,Low,Sunny,3.2,Available,1665,22
722,76555,19.845389,75.432588,8928,19.873877,75.402589,760,19.786324,75.460718,4.59,Low,Cloudy,3.6,Available,1621,25
723,97594,19.902118,75.208016,2080,19.860438,75.187356,919,19.962567,75.250398,5.16,Low,Rainy,4.0,Available,1202,32
724,94861,19.978724,75.444997,9437,20.016941,75.452484,771,19.962405,75.423299,4.32,Medium,Rainy,4.8,Available,1401,26
725,83588,19.785714,75.397311,1611,19.771565,75.359146,737,19.865146,75.443271,4.52,Medium,Cloudy,4.4,Available,1956,32
726,10045,19.949951,75.320828,8758,19.933548,75.286277,921,19.934002,75.299467,4.25,Low,Cloudy,4.6,Available,1160,23
727,50484,19.790154,75.271515,4404,19.791838,75.247851,896,19.743732,75.287371,2.63,Low,Rainy,3.1,Available,1924,20
728,49015,19.834054,75.434037,7177,19.789544,75.451376,601,19.896659,75.482659,5.3,High,Rainy,3.4,Available,510,33
729,28715,19.932634,75.442231,5561,19.939962,75.414255,579,19.990588,75.481068,3.21,Low,Rainy,3.9,Available,221,18
730,53769,19.89502,75.344955,5664,19.882029,75.296789,809,19.83544,75.385632,5.54,Medium,Sunny,3.3,Available,207,30
731,37387,19.849805,75.269458,5090,19.886796,75.279952,514,19.86806,75.274564,4.27,High,Cloudy,5.0,Busy,1743,24
732,60897,19.819807,75.227152,6270,19.817086,75.244865,943,19.879728,75.267027,1.99,Low,Sunny,3.2,Busy,2416,16
733,75527,19.781004,75.428417,9503,19.778032,75.435332,552,19.849501,75.433259,0.84,Medium,Cloudy,3.3,Available,2013,16
734,93251,19.930933,75.392483,8890,19.966682,75.342502,992,19.908922,75.430499,6.82,Medium,Rainy,3.4,Available,2222,33
735,87513,19.970108,75.215109,8082,19.964433,75.183733,558,19.967763,75.267937,3.54,High,Rainy,4.3,Available,1546,23
736,47010,19.8006,75.319804,8541,19.81814,75.302167,675,19.733343,75.333154,2.76,Low,Cloudy,4.0,Busy,2100,16
737,65309,19.850157,75.262562,9120,19.868851,75.286828,805,19.79894,75.328873,3.4,High,Rainy,4.9,Available,713,26
738,82725,19.753238,75.201739,6386,19.727251,75.16182,786,19.714872,75.150066,5.29,High,Rainy,4.5,Available,460,29
739,18076,19.900397,75.368059,2622,19.850931,75.416546,703,19.96085,75.431276,7.69,Low,Cloudy,3.7,Busy,1847,28
740,94156,19.752662,75.274898,5176,19.764978,75.271827,607,19.691318,75.253744,1.41,High,Rainy,5.0,Busy,2326,14
741,94612,19.870735,75.319282,2764,19.865497,75.346801,775,19.875018,75.289957,3.11,Low,Cloudy,3.1,Available,171,17
742,85023,19.920869,75.424964,8635,19.952709,75.474001,768,19.871617,75.358844,6.49,Medium,Rainy,3.5,Available,894,38
743,57366,19.975054,75.347108,7786,19.980749,75.362688,930,19.974578,75.272238,1.84,Medium,Cloudy,4.4,Available,564,8
744,43055,19.944813,75.406978,4195,19.933095,75.41589,863,19.980144,75.365571,1.63,Low,Cloudy,4.9,Available,506,20
745,87112,19.860976,75.285276,2725,19.865136,75.302795,681,19.882306,75.279274,2.0,Low,Rainy,3.6,Available,1756,17
746,21167,19.752421,75.447594,3324,19.770723,75.461946,923,19.674855,75.505391,2.58,Medium,Cloudy,4.7,Available,1955,13
747,17750,19.893507,75.31508,7079,19.847452,75.266527,683,19.832584,75.338935,7.43,High,Rainy,3.1,Available,1306,30
748,90659,19.869434,75.414488,6051,19.858572,75.453357,677,19.82787,75.379323,4.48,Low,Cloudy,3.5,Busy,919,28
749,71404,19.96056,75.231403,1559,19.952405,75.215859,777,19.960264,75.224624,1.95,Medium,Rainy,3.5,Available,1842,16
750,64649,19.851121,75.311572,5682,19.842213,75.31543,603,19.811192,75.374141,1.08,High,Rainy,4.7,Busy,2242,18
751,29416,19.754979,75.330005,2548,19.772977,75.28858,645,19.748726,75.368986,5.01,Low,Sunny,4.3,Available,1934,22
752,99449,19.971255,75.380725,9303,19.985711,75.40356,952,19.967751,75.381561,3.0,Low,Cloudy,4.4,Busy,2369,14
753,64348,19.911049,75.325575,1061,19.87768,75.346113,970,19.877701,75.290847,4.35,Low,Sunny,3.5,Available,2149,27
754,67324,19.837315,75.295699,4904,19.846228,75.310466,607,19.829594,75.37069,1.91,High,Sunny,3.7,Busy,1514,19
755,84155,19.866388,75.284103,7761,19.889006,75.285096,912,19.80715,75.324113,2.51,High,Sunny,4.7,Busy,1720,20
756,77969,19.950878,75.221,2301,19.969031,75.239011,737,19.977931,75.291774,2.84,Medium,Rainy,4.9,Busy,1597,17
757,10395,19.838365,75.308083,4517,19.886291,75.266946,593,19.905922,75.304921,7.01,Low,Cloudy,4.2,Busy,1363,22
758,85801,19.787727,75.438879,2351,19.804505,75.394813,824,19.812938,75.500178,5.23,High,Cloudy,4.0,Busy,1159,19
759,14123,19.807727,75.384621,1219,19.838335,75.362548,905,19.786605,75.317042,4.19,Low,Cloudy,3.0,Available,450,21
760,24219,19.959921,75.248201,2617,19.948858,75.292232,508,19.948258,75.256952,5.04,Low,Rainy,4.6,Available,148,28
761,67805,19.756585,75.249932,7733,19.730816,75.241339,835,19.713822,75.248548,3.02,Low,Cloudy,4.4,Available,2433,14
762,99966,19.979604,75.39513,9984,19.958285,75.385375,549,20.017925,75.470092,2.6,Low,Cloudy,4.7,Busy,115,20
763,41821,19.869828,75.3219,6465,19.877661,75.340823,571,19.806929,75.373278,2.27,Low,Rainy,4.2,Available,2087,19
764,77474,19.825988,75.312019,4232,19.810606,75.295848,660,19.87528,75.25194,2.48,High,Sunny,4.1,Available,1743,24
765,79506,19.791032,75.328267,3606,19.822434,75.355953,598,19.837205,75.361551,4.65,Medium,Sunny,3.7,Available,1336,24
766,48289,19.921466,75.326333,8155,19.936237,75.326597,725,19.920156,75.273819,1.64,Low,Rainy,3.4,Busy,450,19
767,79329,19.759653,75.244189,2659,19.796152,75.250479,585,19.831708,75.175777,4.11,Low,Cloudy,3.8,Available,1031,15
768,74037,19.92152,75.251318,3978,19.900811,75.235929,727,19.960996,75.306826,2.86,Low,Rainy,3.2,Available,878,19
769,99756,19.833534,75.271788,2185,19.833607,75.267383,713,19.808642,75.302787,0.49,Medium,Rainy,4.7,Busy,1259,6
770,20712,19.750235,75.350045,4022,19.728641,75.3881,524,19.722595,75.316403,4.86,Medium,Sunny,3.3,Available,290,20
771,27316,19.974027,75.427864,5237,19.940198,75.414752,856,19.96186,75.405549,4.03,High,Rainy,4.0,Available,2322,24
772,84237,19.85015,75.273662,7962,19.805152,75.272387,809,19.82702,75.233904,5.0,High,Rainy,4.5,Available,1729,29
773,93824,19.752291,75.434278,8018,19.765053,75.416463,875,19.711727,75.355719,2.43,Low,Rainy,4.2,Available,2403,16
774,30758,19.758568,75.206587,2082,19.78248,75.188388,945,19.805976,75.195664,3.34,Low,Cloudy,4.0,Available,2331,28
775,47886,19.877893,75.281744,7454,19.872142,75.296439,780,19.876953,75.300989,1.75,Medium,Sunny,4.4,Available,1769,15
776,52082,19.914236,75.416889,6309,19.868549,75.424284,511,19.970793,75.400594,5.14,Low,Cloudy,3.9,Available,986,24
777,37044,19.890873,75.384488,6285,19.917601,75.425025,639,19.876388,75.45698,5.39,High,Sunny,3.6,Available,1495,20
778,30954,19.836985,75.377507,2379,19.788987,75.384505,959,19.810508,75.29892,5.38,High,Cloudy,4.9,Available,2188,25
779,29336,19.96356,75.347575,3126,19.976561,75.382117,704,19.931048,75.324258,4.1,Low,Cloudy,3.9,Available,1359,23
780,86960,19.752268,75.369467,3567,19.749984,75.335572,956,19.723631,75.325459,3.77,High,Rainy,4.0,Available,1542,20
781,58328,19.826986,75.245968,8180,19.845,75.201638,942,19.837195,75.199669,5.31,Low,Cloudy,3.7,Available,131,28
782,17501,19.820459,75.366548,2845,19.859545,75.342189,546,19.889335,75.381607,5.11,Low,Cloudy,3.3,Available,266,19
783,58217,19.957638,75.440573,9455,19.972998,75.474389,971,19.96167,75.393905,4.12,Medium,Cloudy,4.2,Available,1832,26
784,70664,19.923672,75.387703,9296,19.900226,75.39489,681,19.98676,75.383735,2.72,Medium,Cloudy,3.1,Busy,758,20
785,34408,19.906261,75.434172,8857,19.938956,75.468615,814,19.917324,75.41535,5.27,High,Cloudy,3.5,Available,1105,22
786,99711,19.782013,75.200847,1716,19.756542,75.221306,526,19.717884,75.266269,3.63,High,Sunny,3.1,Available,191,20
787,27234,19.793286,75.271319,2107,19.790879,75.316754,799,19.752862,75.308382,5.05,Low,Cloudy,3.8,Available,1552,21
788,49925,19.779504,75.25616,2851,19.810615,75.294012,861,19.710936,75.181354,5.44,High,Cloudy,3.7,Available,1510,30
789,44560,19.772137,75.347303,2734,19.784783,75.351111,817,19.798087,75.285892,1.47,High,Rainy,3.6,Busy,277,13
790,91165,19.883051,75.291443,3840,19.928011,75.274351,727,19.81823,75.370939,5.34,Medium,Rainy,4.7,Available,1022,27
791,82231,19.975609,75.338208,5288,19.928111,75.348596,626,19.91886,75.385975,5.4,Low,Rainy,4.0,Available,2134,13
792,94954,19.802667,75.331661,3387,19.797822,75.339622,852,19.863012,75.390501,1.03,Low,Sunny,3.0,Available,301,12
793,96479,19.898703,75.245663,1448,19.923755,75.229572,900,19.932286,75.173321,3.3,Low,Sunny,4.4,Available,1503,25
794,21640,19.979916,75.323933,6761,20.007059,75.274151,558,20.042115,75.287133,6.29,High,Rainy,4.6,Available,2193,37
795,79537,19.823036,75.290187,7556,19.839969,75.303446,630,19.780199,75.353784,2.39,Medium,Cloudy,4.0,Available,675,15
796,22020,19.830202,75.390912,9509,19.789897,75.376034,681,19.88416,75.3216,4.77,Medium,Rainy,5.0,Available,1647,25
797,50178,19.887063,75.361091,6541,19.912814,75.322889,822,19.940377,75.39399,5.11,High,Rainy,3.3,Available,291,24
798,58657,19.774554,75.404155,9498,19.790071,75.404875,951,19.749436,75.353635,1.72,Medium,Sunny,4.9,Available,498,1
799,94482,19.876259,75.399164,3852,19.830636,75.405859,872,19.859973,75.442678,5.12,Medium,Sunny,4.6,Available,1832,29
800,44094,19.865223,75.293741,6901,19.877809,75.3231,786,19.830117,75.302829,3.55,Low,Cloudy,3.3,Busy,1401,21
801,68017,19.774874,75.326625,8696,19.733455,75.373578,703,19.701064,75.367186,6.95,Medium,Cloudy,3.1,Available,1967,35
802,88930,19.843173,75.440498,7764,19.801316,75.434082,543,19.852107,75.425323,4.7,High,Rainy,3.1,Available,2213,28
803,53148,19.790297,75.372667,4577,19.824576,75.370821,688,19.79532,75.341107,3.81,Medium,Cloudy,3.3,Available,2226,28
804,97667,19.84471,75.318452,6605,19.836162,75.352669,759,19.80151,75.239367,3.91,Medium,Sunny,4.8,Busy,2063,23
805,13307,19.863889,75.352306,2361,19.84138,75.373986,509,19.879076,75.324278,3.47,Low,Sunny,3.2,Busy,2244,25
806,36044,19.818245,75.346156,6587,19.810329,75.393082,554,19.747218,75.360785,5.28,Medium,Sunny,4.2,Available,2478,26
807,80320,19.939924,75.287912,6761,19.980512,75.33608,694,19.915935,75.249601,6.99,Low,Sunny,4.7,Busy,1054,29
808,62129,19.822463,75.330918,6347,19.821,75.316309,693,19.885096,75.277458,1.63,Medium,Cloudy,4.2,Available,429,9
809,13830,19.844658,75.239689,7992,19.886926,75.189956,521,19.907667,75.301102,7.24,Medium,Cloudy,3.5,Available,931,27
810,45934,19.780067,75.342841,1183,19.75544,75.372978,759,19.711305,75.373074,4.32,High,Sunny,4.7,Available,1106,14
811,66690,19.954871,75.347026,1676,19.996623,75.351678,582,19.955825,75.302602,4.66,High,Rainy,3.3,Busy,161,18
812,57801,19.808344,75.418744,7321,19.850752,75.435786,876,19.877347,75.402405,5.07,High,Rainy,4.4,Available,471,32
813,36875,19.757813,75.410614,9130,19.754407,75.369959,840,19.790904,75.4089,4.53,Low,Rainy,3.0,Available,432,24
814,90383,19.882119,75.37391,7106,19.924551,75.395149,665,19.861059,75.407995,5.27,Low,Sunny,4.5,Available,1600,28
815,57455,19.934526,75.447051,2568,19.919162,75.456989,760,20.004469,75.393778,2.03,Low,Rainy,3.5,Available,224,16
816,76836,19.971616,75.310929,8595,20.001125,75.262256,582,19.979266,75.349857,6.32,Low,Rainy,3.1,Available,1330,18
817,17925,19.958134,75.340001,4107,19.953173,75.354668,872,20.030583,75.387129,1.72,Low,Cloudy,3.7,Available,2454,15
818,89538,19.766548,75.211511,4139,19.75185,75.258443,705,19.737536,75.197092,5.46,High,Rainy,3.0,Busy,2067,28
819,89183,19.969208,75.305856,6408,19.936452,75.337427,983,19.95373,75.375543,5.05,Low,Sunny,3.2,Busy,1839,32
820,10020,19.86692,75.302629,2099,19.903533,75.326871,685,19.938756,75.373049,4.87,High,Sunny,3.6,Busy,923,17
821,50799,19.926413,75.435494,5105,19.898032,75.462642,586,19.849648,75.462816,4.36,Medium,Sunny,3.7,Busy,716,23
822,26555,19.805107,75.355346,5142,19.772955,75.381034,613,19.732725,75.428807,4.57,High,Rainy,4.8,Available,1325,22
823,13685,19.764186,75.252186,9277,19.762768,75.210783,641,19.819119,75.287067,4.6,High,Cloudy,4.1,Available,1632,25
824,47756,19.824843,75.24986,7344,19.838225,75.256767,738,19.806057,75.221993,1.67,High,Rainy,4.1,Busy,1836,15
825,89865,19.830876,75.215719,3493,19.843132,75.184586,607,19.841923,75.254041,3.71,Low,Cloudy,3.6,Available,511,28
826,59581,19.850623,75.264011,6700,19.812612,75.305163,530,19.930297,75.212906,6.22,Medium,Cloudy,3.6,Busy,464,20
827,81792,19.848307,75.432956,9367,19.826899,75.425672,648,19.784616,75.431928,2.51,High,Cloudy,3.6,Busy,713,15
828,69145,19.775435,75.356933,9368,19.74411,75.357955,948,19.780092,75.417126,3.48,Medium,Rainy,3.0,Available,1772,12
829,99627,19.903724,75.257044,1511,19.885461,75.30332,710,19.879415,75.232484,5.52,Medium,Sunny,4.9,Busy,1844,25
830,83108,19.836672,75.42395,2024,19.814136,75.401258,716,19.805092,75.44192,3.55,High,Cloudy,4.5,Busy,1278,24
831,25797,19.784476,75.222492,4613,19.790814,75.183868,538,19.72668,75.190497,4.34,High,Rainy,4.2,Busy,2389,18
832,17443,19.952336,75.249932,2317,19.997064,75.234163,688,19.942792,75.283071,5.26,Medium,Sunny,3.6,Available,1786,21
833,40412,19.941884,75.277198,2790,19.9329,75.261965,988,19.880508,75.203421,1.96,Medium,Rainy,3.0,Available,2125,22
834,76404,19.968863,75.436209,3063,19.996824,75.446419,795,19.961657,75.413198,3.3,Low,Cloudy,4.7,Available,803,19
835,35444,19.912581,75.358905,6480,19.877416,75.385517,732,19.843517,75.411129,4.9,Low,Cloudy,4.4,Busy,1988,25
836,26007,19.84281,75.299636,8518,19.809799,75.287943,942,19.902269,75.277737,3.89,Low,Rainy,4.9,Available,1432,15
837,23621,19.792612,75.441084,7820,19.78302,75.456448,692,19.715632,75.381455,2.01,High,Rainy,4.9,Available,333,23
838,41509,19.96553,75.221862,1386,19.97132,75.19725,834,19.907779,75.176899,2.81,Medium,Cloudy,4.6,Available,1775,16
839,20707,19.92119,75.316742,7192,19.89397,75.286677,641,19.909259,75.357621,4.5,Medium,Cloudy,4.4,Available,2363,27
840,14861,19.843582,75.202741,5766,19.810561,75.217994,786,19.861515,75.248799,4.04,High,Rainy,4.5,Available,480,13
841,82812,19.973227,75.306143,1551,20.006707,75.261478,620,20.028839,75.326865,6.2,High,Cloudy,4.8,Busy,2157,27
842,46375,19.820238,75.431386,1400,19.807809,75.457172,608,19.825078,75.46404,3.18,Medium,Sunny,4.9,Available,2021,14
843,31159,19.907373,75.292482,8868,19.902271,75.275479,951,19.95668,75.23338,1.97,Low,Sunny,4.3,Busy,418,12
844,97073,19.895606,75.338548,5134,19.916142,75.330295,566,19.936898,75.321465,2.46,Medium,Sunny,3.5,Available,1355,22
845,70301,19.847449,75.276787,4651,19.887958,75.313721,691,19.805481,75.209777,6.08,Low,Sunny,3.6,Busy,216,30
846,12693,19.763476,75.25387,8599,19.813332,75.247178,702,19.795951,75.203096,5.58,Low,Sunny,4.5,Available,564,22
847,98078,19.874707,75.422296,9308,19.892267,75.397264,830,19.886481,75.493213,3.39,Medium,Sunny,4.4,Busy,1656,21
848,12379,19.775677,75.314651,6426,19.795376,75.364406,660,19.747502,75.316905,5.94,High,Cloudy,3.7,Available,1689,35
849,39945,19.827101,75.210511,2000,19.836925,75.245993,750,19.808153,75.248917,4.09,High,Rainy,4.6,Available,520,24
850,31007,19.76598,75.342597,3543,19.791628,75.303655,530,19.820114,75.351478,5.18,Low,Sunny,4.9,Available,2064,29
851,27441,19.831154,75.361333,7834,19.835833,75.385692,745,19.805406,75.353658,2.75,High,Cloudy,3.1,Available,533,15
852,15315,19.969231,75.245073,6381,19.991645,75.276297,781,19.997892,75.262181,4.27,High,Sunny,4.7,Busy,171,23
853,78206,19.778253,75.221161,9296,19.732903,75.182257,646,19.753246,75.23618,6.63,High,Rainy,4.8,Busy,1090,25
854,42806,19.957997,75.231948,2275,20.002791,75.239136,630,19.926887,75.231232,5.04,Medium,Cloudy,3.0,Available,2216,24
855,50430,19.827075,75.415764,8550,19.82963,75.418599,551,19.90091,75.387105,0.42,High,Sunny,4.6,Available,2037,13
856,46534,19.942389,75.437489,5111,19.972953,75.425244,610,19.988579,75.41372,3.65,Medium,Rainy,3.1,Available,2111,16
857,24751,19.933762,75.290557,1425,19.905508,75.333437,984,19.902882,75.274302,5.7,High,Rainy,4.1,Available,763,16
858,24735,19.767847,75.236272,1135,19.787765,75.188521,989,19.824878,75.267376,5.74,Low,Cloudy,3.8,Busy,2265,26
859,26167,19.917277,75.26739,8351,19.877294,75.252633,690,19.901753,75.190036,4.73,High,Sunny,3.7,Available,178,21
860,20832,19.835528,75.274701,6385,19.871364,75.324562,654,19.856271,75.321924,6.82,Low,Cloudy,3.6,Available,1844,29
861,25154,19.827442,75.236119,8810,19.800739,75.276668,769,19.753345,75.191287,5.39,High,Rainy,4.2,Available,700,29
862,18724,19.777231,75.389018,6084,19.737043,75.38371,780,19.814672,75.336733,4.5,Low,Cloudy,4.8,Available,1142,19
863,97187,19.973143,75.337914,8638,19.969954,75.386361,990,19.982256,75.363693,5.39,Medium,Cloudy,3.8,Available,1221,38
864,96732,19.767471,75.373852,8264,19.742745,75.354993,876,19.706844,75.432197,3.45,High,Cloudy,3.0,Busy,1816,27
865,76846,19.773891,75.377536,1617,19.744775,75.358213,628,19.769927,75.369432,3.88,Low,Cloudy,4.8,Busy,2079,12
866,68194,19.758811,75.240568,2971,19.798065,75.196624,756,19.820702,75.275003,6.54,Low,Sunny,3.4,Available,1781,26
867,35909,19.967179,75.329322,9366,19.924619,75.36098,633,20.02614,75.35163,5.89,Low,Rainy,3.5,Available,1448,26
868,13956,19.905954,75.274021,7553,19.912116,75.295507,713,19.942451,75.300667,2.48,Low,Cloudy,4.3,Busy,1479,19
869,58402,19.858157,75.418007,9262,19.830661,75.415687,814,19.79937,75.401219,3.06,Low,Cloudy,3.6,Available,1216,16
870,83398,19.924023,75.277388,7356,19.966236,75.29306,658,19.913839,75.323774,5.0,Low,Sunny,3.6,Available,554,22
871,40694,19.854433,75.400302,8846,19.8816,75.442255,714,19.859745,75.336312,5.55,High,Sunny,4.6,Available,1788,27
872,77173,19.975869,75.215758,6966,20.016169,75.247165,620,19.946148,75.291522,5.67,High,Rainy,4.8,Available,1717,22
873,42780,19.879798,75.398228,9727,19.857099,75.410873,667,19.932267,75.431421,2.88,Low,Sunny,4.6,Available,1383,22
874,68260,19.84155,75.282977,9339,19.853992,75.315538,643,19.911434,75.331477,3.87,High,Sunny,3.3,Available,2316,26
875,60859,19.915195,75.227774,6766,19.889579,75.207562,545,19.924856,75.211447,3.62,Low,Rainy,3.9,Available,884,19
876,62714,19.777972,75.216261,2499,19.825459,75.234378,762,19.764765,75.248538,5.64,High,Rainy,4.6,Available,475,18
877,58285,19.888761,75.250788,7347,19.930721,75.292281,976,19.96703,75.310637,6.55,High,Rainy,4.7,Busy,2234,24
878,69613,19.950305,75.201032,1989,19.902407,75.197619,896,19.908499,75.231407,5.33,Low,Rainy,3.9,Available,1448,23
879,81011,19.912009,75.4226,5185,19.953598,75.400372,541,19.862071,75.384406,5.23,Medium,Rainy,3.3,Available,2063,23
880,15769,19.867531,75.428454,9499,19.914312,75.46317,912,19.837092,75.379849,6.47,Low,Rainy,3.8,Available,1688,33
881,33088,19.823776,75.296789,3928,19.836035,75.262602,613,19.881473,75.288396,4.03,Low,Sunny,4.6,Available,2010,22
882,50711,19.848692,75.44195,2269,19.871084,75.433129,840,19.771748,75.367405,2.67,High,Sunny,4.7,Available,729,17
883,17407,19.972502,75.446584,1774,19.977438,75.403651,859,19.979058,75.509358,4.8,High,Sunny,4.4,Available,2315,23
884,11505,19.932062,75.228823,6363,19.974826,75.260937,568,19.888024,75.288692,5.94,Low,Rainy,3.4,Available,272,31
885,78089,19.91225,75.368936,5389,19.942906,75.348587,539,19.913872,75.395764,4.08,Medium,Rainy,3.9,Available,258,21
886,85842,19.798033,75.249198,3589,19.812291,75.245006,595,19.844799,75.173059,1.65,Medium,Rainy,3.8,Busy,348,14
887,23385,19.813886,75.282454,9564,19.828923,75.308153,818,19.85381,75.284034,3.31,High,Sunny,3.5,Available,1913,29
888,96066,19.905073,75.300349,6488,19.911225,75.314045,901,19.980671,75.231272,1.67,Medium,Rainy,3.5,Available,762,19
889,77699,19.851487,75.367778,2853,19.804725,75.376402,741,19.860091,75.34324,5.28,Medium,Rainy,3.6,Available,248,17
890,89624,19.927683,75.28117,3021,19.951735,75.3174,761,19.902927,75.255553,4.83,Low,Cloudy,4.3,Available,1311,22
891,93345,19.933365,75.275445,3304,19.968121,75.301338,641,19.900898,75.263693,4.81,Low,Cloudy,4.4,Available,2410,23
892,64391,19.847649,75.409332,2607,19.885413,75.389305,718,19.899401,75.354014,4.74,High,Cloudy,4.8,Available,1816,26
893,55111,19.81306,75.228389,7723,19.774465,75.213156,684,19.855117,75.245664,4.61,Low,Cloudy,4.7,Available,493,31
894,48292,19.899154,75.207066,8616,19.850645,75.170006,630,19.85942,75.195794,6.78,Low,Rainy,3.3,Available,382,29
895,89566,19.930011,75.409634,7337,19.938384,75.399938,954,20.001451,75.369077,1.42,Medium,Sunny,4.2,Available,1881,15
896,90869,19.952266,75.209811,1037,20.001064,75.226249,858,19.981248,75.135891,5.72,High,Rainy,4.0,Available,1511,35
897,34660,19.888885,75.309346,4797,19.921195,75.351729,614,19.911148,75.360671,5.92,Low,Rainy,4.8,Available,745,28
898,30171,19.935308,75.240404,9707,19.914592,75.258355,827,19.905786,75.287204,3.04,Low,Sunny,4.5,Available,1370,22
899,55704,19.928545,75.379568,4646,19.905022,75.391702,979,19.931983,75.437479,2.94,Medium,Sunny,3.3,Available,2109,17
900,78285,19.857345,75.225072,1590,19.840956,75.212993,844,19.851844,75.219731,2.26,Low,Sunny,3.5,Available,214,13
901,81779,19.858812,75.442153,7581,19.885993,75.481976,844,19.832206,75.520879,5.35,Medium,Rainy,3.1,Busy,1996,31
902,80246,19.933422,75.348952,7124,19.914877,75.355063,657,19.938783,75.400704,2.17,Low,Sunny,3.5,Available,1623,19
903,37571,19.765757,75.242151,9284,19.794887,75.256988,959,19.776929,75.188971,3.63,Low,Sunny,4.9,Available,1513,28
904,10663,19.839508,75.321953,3634,19.888495,75.293345,875,19.826365,75.288645,6.3,Medium,Cloudy,3.6,Available,198,25
905,96217,19.954525,75.252457,9825,20.002713,75.272652,616,19.953904,75.241404,5.8,Low,Rainy,4.2,Available,994,23
906,81428,19.938635,75.41995,4449,19.974355,75.407455,635,19.932555,75.341932,4.2,High,Sunny,3.9,Busy,181,13
907,15656,19.953574,75.20205,9967,19.96772,75.158874,978,19.917189,75.214579,5.04,High,Cloudy,4.3,Available,2244,24
908,75883,19.844027,75.373195,1000,19.814029,75.420523,562,19.820027,75.428534,6.22,Low,Sunny,4.7,Available,2052,30
909,28079,19.751302,75.212946,1954,19.792917,75.253792,719,19.707434,75.220476,6.47,Medium,Rainy,4.0,Available,1261,28
910,82925,19.761549,75.352172,3555,19.726814,75.38523,903,19.738421,75.317221,5.32,High,Sunny,4.7,Busy,1043,20
911,57951,19.949756,75.416103,8160,19.969083,75.428595,978,19.872112,75.455792,2.55,Low,Rainy,4.0,Available,660,19
912,29673,19.902595,75.417818,6546,19.935343,75.40383,804,19.918615,75.36282,3.95,High,Cloudy,3.5,Available,1670,25
913,22864,19.874322,75.247447,7458,19.843009,75.255103,741,19.903998,75.186711,3.58,High,Rainy,3.5,Available,943,21
914,84385,19.911223,75.433922,1700,19.92779,75.410431,556,19.922513,75.424694,3.19,Low,Rainy,3.5,Available,2235,14
915,41174,19.953902,75.340571,2649,19.929112,75.38606,520,19.951239,75.313641,5.75,Medium,Cloudy,3.5,Busy,1914,29
916,46136,19.940042,75.210631,8387,19.932017,75.206736,756,19.986614,75.205498,0.99,Low,Cloudy,3.6,Available,481,7
917,65438,19.950362,75.442516,1061,19.993022,75.472258,741,19.973318,75.48755,5.77,High,Cloudy,4.2,Available,1898,38
918,23149,19.825972,75.370379,7940,19.810917,75.341641,594,19.805866,75.333912,3.6,High,Rainy,4.7,Busy,229,26
919,69683,19.798652,75.298359,3959,19.755066,75.270986,822,19.845516,75.347062,5.71,Medium,Cloudy,3.2,Available,1399,34
920,94971,19.821532,75.276515,1426,19.83829,75.297056,990,19.891454,75.232489,2.94,High,Sunny,3.5,Available,1403,20
921,17837,19.868758,75.398211,3296,19.862022,75.395019,878,19.946575,75.38626,0.83,Low,Cloudy,3.7,Available,862,11
922,46523,19.750277,75.354025,3846,19.719179,75.323214,618,19.7748,75.282617,4.86,Medium,Sunny,3.8,Available,1458,24
923,78819,19.768097,75.306538,5691,19.812681,75.278311,672,19.729176,75.24268,5.86,Low,Sunny,4.4,Available,2167,24
924,39810,19.978094,75.275617,2918,19.991593,75.283741,688,20.023709,75.242631,1.75,High,Cloudy,3.8,Available,932,23
925,22674,19.929194,75.381197,7811,19.885147,75.389348,897,19.870024,75.455968,4.97,Low,Rainy,4.0,Available,430,25
926,26025,19.769657,75.295328,7322,19.803853,75.336018,920,19.701159,75.316856,5.9,Medium,Rainy,4.9,Available,790,25
927,38830,19.893878,75.323804,7590,19.871395,75.321173,653,19.937926,75.372069,2.51,Low,Rainy,4.0,Available,1991,16
928,39328,19.949234,75.422606,4680,19.926234,75.376104,775,19.911005,75.387199,5.76,Medium,Sunny,4.3,Available,120,22
929,35574,19.919145,75.414911,5552,19.963209,75.385081,943,19.888709,75.373363,5.91,Low,Cloudy,4.8,Available,1353,22
930,99695,19.873722,75.379697,8564,19.845255,75.401888,583,19.923429,75.365601,4.01,Low,Sunny,3.8,Available,707,16
931,69196,19.805421,75.371018,7669,19.763947,75.345488,612,19.86227,75.38429,5.41,Low,Rainy,3.6,Available,1798,17
932,58673,19.888757,75.367225,3418,19.904259,75.36181,950,19.864209,75.420973,1.82,Low,Sunny,3.6,Available,1797,15
933,40847,19.923236,75.273587,6885,19.949567,75.298134,629,19.882568,75.310199,4.0,High,Rainy,4.8,Available,1703,23
934,85885,19.80235,75.446828,9491,19.808339,75.466392,614,19.741294,75.406933,2.27,Low,Cloudy,3.6,Available,2222,22
935,73081,19.796464,75.397991,5000,19.820742,75.395624,573,19.724461,75.415574,2.71,Medium,Rainy,3.3,Available,514,13
936,51163,19.769476,75.425936,8192,19.810188,75.445759,944,19.837666,75.475768,5.03,Medium,Sunny,4.1,Available,635,25
937,70886,19.789711,75.26466,6023,19.786517,75.237965,970,19.803894,75.332368,2.98,High,Rainy,4.3,Available,2016,15
938,62077,19.771001,75.387504,4625,19.738563,75.374694,849,19.695527,75.329435,3.87,High,Rainy,4.5,Available,2455,28
939,22941,19.82484,75.237684,9583,19.836896,75.229671,725,19.842965,75.279552,1.61,High,Sunny,3.6,Available,2218,23
940,30501,19.794536,75.249601,6429,19.817798,75.261013,862,19.74755,75.192811,2.88,Medium,Rainy,4.3,Available,1016,25
941,40740,19.90901,75.37376,1256,19.902022,75.392867,898,19.912385,75.450069,2.26,Medium,Sunny,4.2,Available,2070,12
942,74198,19.878506,75.214512,9066,19.898132,75.169794,813,19.92924,75.266504,5.42,Low,Cloudy,3.2,Available,1240,30
943,10615,19.762763,75.200632,2566,19.722878,75.229857,663,19.836592,75.188947,5.49,High,Cloudy,3.3,Available,209,29
944,95163,19.784237,75.398293,2005,19.794283,75.358333,685,19.85572,75.330781,4.57,Low,Rainy,3.8,Available,1279,24
945,10205,19.805157,75.422967,6691,19.852274,75.451597,573,19.812001,75.496054,6.12,High,Sunny,4.0,Available,2398,33
946,88082,19.827988,75.341408,3154,19.807134,75.303135,562,19.852577,75.397574,4.84,Low,Sunny,4.0,Available,2491,23
947,87332,19.902997,75.37818,9066,19.941196,75.365297,530,19.835054,75.451516,4.47,High,Sunny,4.2,Available,754,18
948,55153,19.932788,75.440685,3413,19.889977,75.417518,716,19.865621,75.480858,5.4,Medium,Rainy,3.2,Available,2458,20
949,67755,19.836259,75.226731,9933,19.835639,75.264131,611,19.898226,75.148486,4.15,Low,Rainy,3.5,Available,2267,21
950,64808,19.937018,75.396577,6943,19.976029,75.401852,733,20.011842,75.47596,4.37,Medium,Sunny,4.7,Available,649,25
951,31125,19.898489,75.377902,2244,19.9403,75.352753,802,19.916608,75.361965,5.42,High,Rainy,3.6,Available,1297,26
952,53185,19.892995,75.216231,8735,19.896014,75.256377,558,19.925864,75.263763,4.47,Low,Cloudy,3.4,Available,150,30
953,81988,19.882264,75.247321,6153,19.892598,75.200453,623,19.821278,75.217223,5.33,Low,Rainy,3.2,Available,506,23
954,47677,19.885558,75.34194,8169,19.932659,75.380279,618,19.956847,75.280116,6.74,Low,Cloudy,3.3,Available,1513,32
955,54608,19.788734,75.381964,3808,19.757108,75.383113,759,19.723656,75.449306,3.51,Low,Rainy,4.8,Busy,1564,18
956,47538,19.869234,75.218736,6833,19.830262,75.207087,513,19.939671,75.249601,4.52,Low,Cloudy,3.1,Busy,853,19
957,95107,19.804426,75.419208,6495,19.836378,75.43097,749,19.883578,75.456837,3.78,Low,Rainy,4.5,Available,2129,22
958,13134,19.921701,75.33999,2054,19.93484,75.3142,829,19.910913,75.300849,3.21,Medium,Cloudy,3.2,Available,228,25
959,33461,19.824346,75.265098,5326,19.849625,75.25167,996,19.860563,75.258069,3.18,High,Rainy,4.3,Busy,491,21
960,41653,19.869212,75.43191,6289,19.859945,75.481794,627,19.881887,75.358673,5.63,High,Rainy,3.5,Available,1917,25
961,51150,19.912716,75.443668,1460,19.886025,75.470983,791,19.846733,75.42472,4.24,Low,Sunny,3.8,Busy,955,27
962,32343,19.793994,75.414075,2670,19.832259,75.393766,703,19.845768,75.391394,4.81,Medium,Sunny,4.5,Available,1969,18
963,55389,19.77445,75.426686,7348,19.824215,75.393097,590,19.703174,75.399443,6.66,High,Sunny,3.4,Available,1049,26
964,46668,19.754186,75.400545,5224,19.798876,75.353751,946,19.681479,75.375667,7.18,Medium,Sunny,4.2,Available,1773,38
965,50854,19.900611,75.210849,4682,19.857253,75.216032,810,19.837401,75.134424,4.85,Medium,Rainy,4.1,Available,762,22
966,13143,19.844751,75.36345,4037,19.894256,75.407232,661,19.765436,75.42512,7.34,Low,Rainy,3.9,Available,766,37
967,73411,19.890472,75.378963,8649,19.916669,75.355244,749,19.817709,75.299263,3.92,High,Cloudy,3.5,Available,333,13
968,46163,19.818797,75.389606,1440,19.789357,75.394031,611,19.867482,75.395527,3.3,Medium,Rainy,3.1,Available,1269,21
969,76013,19.839087,75.410423,9906,19.811024,75.433845,640,19.880284,75.397495,4.06,Low,Sunny,3.9,Available,633,27
970,41236,19.804198,75.433791,2244,19.849689,75.479681,809,19.858208,75.412003,7.17,High,Sunny,4.1,Busy,1367,32
971,52510,19.829397,75.246475,7369,19.779877,75.247386,964,19.83828,75.298465,5.5,Medium,Rainy,4.8,Available,1793,30
972,48227,19.895257,75.219677,8048,19.893892,75.190653,540,19.847112,75.29018,3.23,High,Sunny,4.4,Available,1133,21
973,59289,19.751352,75.297024,9945,19.729113,75.304062,893,19.711433,75.266817,2.59,Medium,Sunny,3.9,Busy,269,27
974,86944,19.974273,75.44057,4484,19.947766,75.400603,727,19.917998,75.472896,5.32,Low,Rainy,3.9,Available,692,21
975,82949,19.851513,75.28466,9179,19.830861,75.255807,891,19.814032,75.219833,3.94,Medium,Cloudy,3.1,Available,2411,15
976,45779,19.9705,75.20536,5126,19.994365,75.251239,601,20.028463,75.152223,5.74,Low,Rainy,4.2,Available,1582,25
977,82265,19.782987,75.425368,7961,19.750432,75.410656,919,19.763068,75.416935,3.97,Medium,Sunny,4.9,Busy,891,29
978,72881,19.939476,75.359539,6170,19.895719,75.374774,731,20.005329,75.34025,5.14,Medium,Sunny,4.1,Available,1417,27
979,59264,19.891632,75.358447,4772,19.895735,75.401174,611,19.960736,75.360483,4.76,Low,Sunny,3.4,Available,1755,19
980,51400,19.88027,75.370384,3092,19.864173,75.377525,645,19.871851,75.395845,1.95,High,Cloudy,4.0,Available,1579,14
981,81246,19.867275,75.415757,2222,19.858942,75.440144,646,19.924295,75.38536,2.86,Medium,Cloudy,3.7,Busy,329,9
982,31552,19.957273,75.265209,7993,19.994056,75.279633,961,19.880528,75.30115,4.39,Low,Rainy,4.6,Available,1086,25
983,89833,19.831918,75.293084,9036,19.813746,75.305197,928,19.7782,75.348441,2.42,Low,Rainy,4.7,Available,460,13
984,67320,19.973083,75.358613,8056,19.999489,75.316994,778,19.918797,75.395926,5.47,Medium,Rainy,3.9,Available,1431,37
985,14539,19.900817,75.383422,3473,19.887416,75.373874,974,19.90941,75.453507,1.83,High,Sunny,4.1,Available,1418,12
986,67371,19.858199,75.266638,1387,19.842686,75.281542,791,19.919449,75.216099,2.39,Low,Sunny,4.3,Available,196,24
987,26128,19.766431,75.381572,7452,19.767536,75.401793,761,19.762726,75.35153,2.25,Low,Sunny,4.7,Available,1621,13
988,74385,19.90776,75.340058,5313,19.878148,75.380341,514,19.871911,75.327429,5.55,Medium,Sunny,3.8,Available,801,32
989,61884,19.921982,75.428224,8714,19.947475,75.400937,709,19.984111,75.410237,4.15,Medium,Rainy,4.7,Available,2179,34
990,46881,19.875013,75.331445,8749,19.854218,75.340927,618,19.799412,75.261797,2.54,High,Cloudy,3.6,Available,2373,16
991,22939,19.851768,75.238863,6848,19.861362,75.213917,661,19.825183,75.234263,2.97,Low,Sunny,3.2,Available,1957,20
992,69183,19.948984,75.34491,6074,19.910114,75.316437,997,19.913694,75.303475,5.35,High,Sunny,4.7,Available,1186,29
993,74808,19.842996,75.396184,1771,19.874483,75.438917,588,19.875443,75.355409,5.89,Low,Rainy,3.1,Available,2213,34
994,65413,19.795709,75.413659,1422,19.765142,75.37982,543,19.748767,75.415074,5.06,High,Cloudy,4.9,Busy,1151,26
995,15443,19.979405,75.435607,1079,19.996499,75.45573,550,19.918965,75.495495,2.93,High,Cloudy,4.8,Available,1727,20
996,61306,19.941879,75.276046,6230,19.93878,75.313428,776,19.870307,75.338309,4.16,Medium,Cloudy,4.4,Available,1722,21
997,77602,19.829816,75.334563,9642,19.860945,75.306207,885,19.878285,75.318505,4.67,Low,Rainy,3.2,Available,952,19
998,82043,19.802157,75.313971,6830,19.847482,75.349016,900,19.745394,75.238736,6.36,High,Rainy,4.1,Available,734,34
999,33371,19.97889,75.300104,8975,19.992715,75.33868,822,19.966616,75.343932,4.55,Medium,Cloudy,3.7,Available,1420,19
1000,45133,19.855086,75.302725,1854,19.860587,75.27707,692,19.783436,75.373001,2.91,Medium,Sunny,3.4,Available,1360,14
1001,59438,19.847293,75.339336,9641,19.886152,75.321943,790,19.788662,75.33762,4.73,Low,Sunny,3.7,Available,1546,14
1002,72399,19.950953,75.397364,4683,19.968327,75.408295,713,19.878687,75.456928,2.28,Medium,Sunny,3.2,Available,531,16
1003,22247,19.882782,75.376254,2219,19.859251,75.348446,711,19.910626,75.312962,4.04,Medium,Rainy,4.1,Available,545,26
1004,25437,19.783158,75.418254,1471,19.761576,75.427391,527,19.790636,75.427366,2.6,Low,Cloudy,3.4,Available,1102,24
1005,19734,19.890048,75.371943,7448,19.887172,75.409578,681,19.881055,75.337528,4.19,Low,Sunny,4.7,Available,490,24
1006,35433,19.954405,75.313284,6305,19.935929,75.357406,655,20.010328,75.368271,5.31,Medium,Sunny,4.6,Available,2235,32
1007,96940,19.86191,75.415783,6743,19.856763,75.402139,610,19.94107,75.427177,1.62,Medium,Rainy,4.0,Busy,360,12
1008,88643,19.948989,75.307551,5074,19.957118,75.333299,696,19.911557,75.370001,3.0,Medium,Sunny,4.0,Busy,1950,17
1009,29693,19.82154,75.277874,2326,19.794349,75.259575,871,19.775698,75.342813,3.64,High,Cloudy,3.2,Available,344,17
1010,90596,19.800407,75.380188,1479,19.813536,75.340154,914,19.868469,75.389543,4.68,Medium,Rainy,3.4,Available,302,20
1011,96062,19.901066,75.396311,5503,19.906018,75.414317,693,19.971207,75.41845,2.07,Medium,Sunny,4.5,Available,197,11
1012,80912,19.783548,75.43871,1042,19.741187,75.398291,741,19.782739,75.489793,6.5,Low,Rainy,4.9,Available,2492,25
1013,26119,19.886262,75.389691,6828,19.855334,75.396512,731,19.936536,75.432611,3.52,Low,Rainy,3.5,Available,1396,15
1014,84710,19.92057,75.373356,4044,19.89565,75.348639,910,19.941188,75.415303,3.9,High,Sunny,4.9,Available,1777,17
1015,38273,19.933582,75.231801,2486,19.923176,75.208947,767,19.900247,75.171522,2.79,High,Cloudy,3.6,Available,499,23
1016,93459,19.7779,75.243878,9428,19.752617,75.291253,517,19.761444,75.259716,5.96,Medium,Rainy,3.1,Available,455,25
1017,45069,19.868899,75.339824,8710,19.886076,75.332968,660,19.807397,75.276275,2.05,High,Sunny,3.1,Busy,178,12
1018,58850,19.941133,75.231253,2094,19.904679,75.263475,883,20.008638,75.277774,5.4,High,Cloudy,3.8,Available,2315,23
1019,13042,19.843901,75.27742,7973,19.823613,75.258,983,19.905469,75.313227,3.12,Low,Sunny,4.6,Available,1251,26
1020,92124,19.952909,75.300538,7784,19.909571,75.302143,745,19.928265,75.328094,4.81,Medium,Rainy,4.0,Available,1538,23
1021,63238,19.913634,75.236909,6127,19.909241,75.190768,504,19.836482,75.22733,5.14,Low,Sunny,4.4,Available,1843,29
1022,66249,19.786817,75.224426,6009,19.788915,75.246464,546,19.819123,75.216577,2.46,High,Cloudy,4.0,Available,869,25
1023,67298,19.883906,75.249527,1064,19.838812,75.21038,689,19.887857,75.290872,6.63,Low,Cloudy,3.8,Busy,1794,26
1024,47855,19.919049,75.215465,2460,19.943512,75.167869,803,19.943101,75.169142,5.94,Medium,Cloudy,3.6,Busy,2382,25
1025,35407,19.960961,75.395249,4171,19.935291,75.440129,643,19.938106,75.419547,5.74,Medium,Cloudy,3.0,Busy,2090,29
1026,89134,19.973282,75.396775,3866,20.019602,75.417502,654,19.906044,75.381082,5.63,Low,Sunny,3.7,Available,132,25
1027,33641,19.926923,75.380682,5711,19.973318,75.423753,935,19.96888,75.383947,7.03,High,Rainy,3.7,Available,1269,28
1028,78309,19.759246,75.390474,5462,19.719205,75.380149,980,19.695825,75.444406,4.59,High,Cloudy,4.4,Available,490,26
1029,19262,19.901737,75.343784,5487,19.854827,75.313926,705,19.864548,75.275393,6.17,High,Sunny,4.1,Available,2411,27
1030,13642,19.887646,75.250418,7338,19.845086,75.202509,974,19.959891,75.286356,7.11,High,Cloudy,4.7,Busy,864,31
1031,29109,19.773924,75.343431,4368,19.781549,75.388655,925,19.764735,75.37396,5.09,Medium,Sunny,3.4,Available,1801,16
1032,69670,19.8566,75.351413,8597,19.855545,75.350282,612,19.789003,75.301937,0.17,Low,Sunny,4.5,Available,1425,15
1033,86905,19.853325,75.308026,4873,19.858515,75.341348,600,19.901703,75.244033,3.74,Low,Cloudy,3.4,Busy,978,15
1034,56380,19.795905,75.205078,6728,19.802119,75.201606,532,19.820982,75.14855,0.79,High,Cloudy,3.3,Busy,566,20
1035,12438,19.81898,75.245457,7828,19.813555,75.219894,686,19.823435,75.209498,2.9,High,Cloudy,4.2,Available,1844,24
1036,56434,19.879486,75.246795,8378,19.909548,75.294011,645,19.833848,75.196701,6.21,Medium,Sunny,4.2,Available,2145,37
1037,86676,19.876892,75.279187,2627,19.839526,75.277592,587,19.880934,75.311499,4.15,Low,Sunny,4.8,Available,2405,17
1038,71829,19.816558,75.360362,6462,19.785153,75.340633,760,19.814325,75.347886,4.12,Medium,Cloudy,3.6,Available,941,16
1039,55706,19.782452,75.231474,1293,19.777731,75.233022,821,19.723794,75.308177,0.55,High,Cloudy,3.9,Available,1872,4
1040,57431,19.777195,75.292492,2633,19.742343,75.26829,845,19.721624,75.354376,4.71,Medium,Cloudy,4.1,Available,905,14
1041,55775,19.857051,75.431633,7798,19.808032,75.406389,973,19.79369,75.474772,6.12,Medium,Rainy,4.7,Busy,1357,34
1042,79815,19.766004,75.324091,1673,19.763275,75.305161,742,19.825269,75.27136,2.12,Low,Rainy,4.6,Busy,342,21
1043,82427,19.782384,75.330176,6593,19.815288,75.28416,514,19.861675,75.346535,6.28,Medium,Sunny,3.7,Available,519,33
1044,90442,19.864102,75.315239,6862,19.884941,75.27421,676,19.887279,75.333858,5.11,Low,Cloudy,4.1,Available,628,18
1045,73627,19.936747,75.403316,4837,19.951019,75.399117,777,19.995095,75.471477,1.65,Low,Cloudy,3.1,Busy,1039,15
1046,24693,19.947285,75.337724,3451,19.938356,75.371553,524,20.024237,75.360941,3.88,High,Sunny,4.2,Available,2260,26
1047,78008,19.912126,75.251229,8450,19.951597,75.29409,904,19.988269,75.321482,6.47,Medium,Rainy,4.0,Available,490,27
1048,64471,19.790339,75.328303,7732,19.782881,75.367358,518,19.77907,75.333707,4.41,High,Rainy,4.8,Available,1445,25
1049,86151,19.77559,75.425331,2432,19.779671,75.447212,698,19.731636,75.371935,2.47,High,Rainy,3.7,Available,1244,24
1050,81435,19.794375,75.250972,1838,19.763081,75.249874,500,19.842044,75.262007,3.48,High,Rainy,4.4,Available,581,17
1051,58737,19.766033,75.414963,1599,19.793814,75.389486,750,19.808918,75.336986,4.18,High,Rainy,3.1,Available,2134,23
1052,33618,19.912112,75.23885,3480,19.927091,75.197261,549,19.861124,75.234977,4.91,Low,Rainy,3.4,Available,1708,17
1053,59711,19.928474,75.379817,7621,19.891127,75.334701,979,19.988945,75.31259,6.5,Low,Cloudy,4.9,Available,2134,27
1054,38022,19.776246,75.260128,7228,19.756913,75.306286,863,19.788802,75.338143,5.55,Medium,Cloudy,4.8,Available,403,31
1055,63242,19.760329,75.237586,9160,19.752681,75.206219,727,19.73855,75.178241,3.58,High,Rainy,3.5,Available,2395,22
1056,36379,19.755069,75.21007,3251,19.787782,75.220838,840,19.758884,75.281166,3.82,High,Sunny,3.5,Available,322,21
1057,47499,19.951223,75.376632,7068,19.977273,75.37895,659,20.019101,75.428638,2.9,Medium,Rainy,4.3,Available,2348,21
1058,19895,19.784301,75.407381,7406,19.817953,75.438832,632,19.807514,75.385943,5.11,Medium,Rainy,4.6,Available,1887,20
1059,85974,19.871139,75.431678,4672,19.824301,75.459017,608,19.799467,75.357783,6.02,Low,Cloudy,3.1,Available,733,25
1060,26167,19.935406,75.30945,7232,19.940864,75.339433,666,19.953087,75.265412,3.38,Low,Rainy,4.1,Available,328,12
1061,26533,19.816115,75.323219,2624,19.829443,75.291542,993,19.737534,75.298381,3.81,Medium,Sunny,4.0,Available,522,20
1062,92607,19.831948,75.297908,1722,19.862324,75.336541,530,19.791735,75.351731,5.46,Medium,Sunny,3.5,Busy,1597,29
1063,58359,19.788684,75.235961,9887,19.789022,75.249825,858,19.736054,75.29363,1.54,Low,Cloudy,4.2,Available,2229,10
1064,80780,19.828304,75.277993,9154,19.8689,75.286503,771,19.782683,75.340248,4.6,High,Cloudy,4.1,Available,870,27
1065,81980,19.973877,75.265541,9497,19.945162,75.223593,501,19.983765,75.187718,5.64,High,Rainy,5.0,Busy,1948,24
1066,12599,19.831756,75.258879,6716,19.8062,75.270552,801,19.802748,75.287225,3.12,High,Cloudy,4.3,Available,867,21
1067,71457,19.762661,75.270515,3452,19.781615,75.311183,786,19.836069,75.194651,4.98,Low,Rainy,3.6,Busy,2121,23
1068,33233,19.80079,75.238489,3243,19.84177,75.282323,997,19.722798,75.274879,6.66,High,Cloudy,3.9,Available,727,28
1069,84684,19.940063,75.313035,6644,19.942432,75.36128,591,19.86966,75.311108,5.36,Low,Rainy,3.3,Available,176,19
1070,23740,19.858773,75.411645,3182,19.842319,75.414189,641,19.88752,75.45237,1.85,High,Sunny,4.9,Available,559,21
1071,86041,19.876865,75.228928,5139,19.867037,75.224769,873,19.932645,75.270312,1.18,Medium,Sunny,3.7,Available,309,11
1072,43645,19.872441,75.413089,5795,19.856651,75.396618,611,19.950127,75.416582,2.53,Low,Rainy,3.4,Available,238,24
1073,18294,19.831637,75.445637,6333,19.799714,75.454736,983,19.765989,75.483055,3.68,Low,Cloudy,4.8,Available,306,19
1074,52974,19.847532,75.327642,4472,19.81569,75.374064,558,19.860152,75.33118,6.25,Medium,Cloudy,4.0,Busy,1263,27
1075,16028,19.863332,75.422304,6447,19.847972,75.409237,963,19.92553,75.416603,2.24,Low,Cloudy,4.7,Available,276,11
1076,19934,19.909625,75.350658,9406,19.878079,75.327978,843,19.895063,75.382537,4.31,Medium,Sunny,4.1,Available,1413,19
1077,11135,19.968602,75.379119,7357,19.967855,75.393181,637,19.954842,75.346931,1.56,High,Sunny,3.7,Available,433,20
1078,10526,19.943585,75.397251,3807,19.926607,75.400814,671,19.885522,75.403407,1.93,High,Sunny,4.1,Available,642,21
1079,47185,19.9514,75.227141,9977,19.980573,75.194216,733,19.877273,75.176833,4.88,Medium,Sunny,4.7,Available,861,18
1080,44505,19.788664,75.286362,3189,19.814791,75.331785,705,19.768093,75.339066,5.82,High,Cloudy,4.6,Available,978,32
1081,50068,19.815328,75.231001,6709,19.857513,75.198294,688,19.82699,75.244497,5.93,Low,Cloudy,3.7,Available,1185,24
1082,71739,19.896269,75.395525,9645,19.899551,75.408007,561,19.974363,75.385672,1.43,Low,Rainy,3.4,Available,1171,6
1083,77567,19.890238,75.268587,2249,19.910095,75.233872,771,19.827522,75.274167,4.44,Medium,Sunny,3.2,Busy,906,28
1084,42863,19.832172,75.422763,5369,19.84154,75.453354,857,19.820561,75.360907,3.55,High,Sunny,4.8,Busy,907,17
1085,55799,19.795667,75.331701,1050,19.799388,75.325683,636,19.83917,75.334366,0.79,Medium,Sunny,4.0,Available,540,12
1086,88101,19.866739,75.338067,1594,19.887975,75.336521,922,19.82267,75.344031,2.36,Low,Cloudy,3.8,Available,828,14
1087,25405,19.901578,75.383999,3552,19.945226,75.429974,527,19.976613,75.404102,7.04,Low,Rainy,3.8,Busy,1261,44
1088,34122,19.914323,75.300608,9456,19.883121,75.304694,832,19.870377,75.376494,3.49,High,Cloudy,4.5,Busy,926,28
1089,58623,19.86173,75.32531,5723,19.835648,75.334319,617,19.852656,75.316785,3.06,Medium,Rainy,3.4,Available,1244,15
1090,78947,19.86152,75.422626,2689,19.841209,75.465776,811,19.853647,75.449792,5.29,High,Rainy,3.8,Available,1537,18
1091,59738,19.790212,75.284646,9542,19.762629,75.270557,694,19.747072,75.297351,3.44,Medium,Sunny,4.6,Available,1864,22
1092,23432,19.922333,75.249035,2522,19.919165,75.285218,819,19.922979,75.278387,4.03,Low,Rainy,3.4,Available,1872,15
1093,30143,19.905432,75.303673,9939,19.867842,75.295664,963,19.856509,75.290163,4.27,Low,Rainy,4.8,Available,2432,20
1094,98456,19.954634,75.30934,2166,19.912168,75.354004,781,20.02192,75.338849,6.84,Low,Sunny,4.8,Available,1519,33
1095,53835,19.830029,75.247521,1059,19.845206,75.200447,976,19.796738,75.254749,5.49,Medium,Cloudy,4.1,Available,957,34
1096,42161,19.904047,75.280929,9800,19.904963,75.29831,808,19.918268,75.293134,1.93,High,Rainy,4.0,Available,1105,17
1097,24537,19.807467,75.333902,9797,19.815663,75.374802,977,19.789232,75.402155,4.63,High,Cloudy,4.8,Busy,1944,30
1098,52294,19.916711,75.420949,7255,19.958611,75.422105,738,19.937361,75.40795,4.65,Medium,Sunny,3.9,Available,1635,20
1099,24932,19.95448,75.408947,9727,19.965311,75.397786,610,19.954993,75.451945,1.73,High,Rainy,3.2,Available,1064,20
1100,89008,19.979955,75.323248,3196,19.950804,75.289533,839,19.906731,75.332659,4.95,Low,Sunny,3.7,Available,762,24
1101,23397,19.867486,75.336514,9885,19.901657,75.303524,818,19.838054,75.398691,5.27,Low,Sunny,4.9,Available,910,26
1102,58372,19.790894,75.21281,4290,19.80919,75.187918,601,19.790841,75.252289,3.43,Low,Cloudy,3.4,Available,1190,13
1103,29290,19.865912,75.25079,2746,19.822667,75.217933,713,19.943413,75.245758,6.03,Low,Rainy,4.7,Available,772,22
1104,11436,19.874887,75.278502,7097,19.852029,75.293085,761,19.831885,75.34512,3.01,Low,Sunny,4.4,Available,1197,23
1105,60790,19.858524,75.417213,9455,19.850009,75.420679,932,19.781755,75.362589,1.02,Low,Rainy,4.4,Available,1994,23
1106,93845,19.928448,75.220997,9758,19.967479,75.218174,855,19.967466,75.163403,4.34,High,Rainy,3.5,Available,100,21
1107,60054,19.805141,75.225005,6719,19.824332,75.177909,696,19.823979,75.167518,5.65,Low,Rainy,4.9,Available,1859,21
1108,42525,19.957361,75.242259,2057,19.995654,75.249483,587,20.016153,75.238109,4.33,Medium,Cloudy,3.2,Busy,1065,29
1109,77394,19.801975,75.359867,6607,19.797675,75.349882,517,19.816831,75.35847,1.21,Low,Rainy,3.1,Available,1354,7
1110,46492,19.766087,75.304776,4458,19.774388,75.269483,784,19.808556,75.343854,4.02,High,Cloudy,3.5,Busy,153,20
1111,84332,19.887302,75.342262,5980,19.840869,75.343614,764,19.904825,75.292869,5.16,Low,Cloudy,4.9,Available,1323,25
1112,22685,19.833317,75.362758,6857,19.849538,75.353122,891,19.804004,75.432157,2.09,Medium,Cloudy,3.2,Available,945,24
1113,62184,19.908337,75.25669,2327,19.861856,75.212654,590,19.888101,75.189104,7.11,Low,Rainy,4.3,Available,598,41
1114,12944,19.849154,75.441972,8952,19.867295,75.423493,724,19.886572,75.414815,2.87,Low,Cloudy,4.0,Available,598,18
1115,22882,19.930807,75.242312,1561,19.891663,75.267241,780,19.899632,75.314552,5.15,High,Cloudy,3.7,Available,2386,34
1116,81192,19.928186,75.328464,2452,19.879243,75.345816,719,19.915976,75.3302,5.76,High,Sunny,4.1,Busy,1505,36
1117,10123,19.805889,75.262137,4997,19.79376,75.293948,766,19.871946,75.214491,3.78,Medium,Cloudy,4.0,Available,542,23
1118,45958,19.78082,75.22213,5948,19.821635,75.225681,998,19.838068,75.151434,4.55,Low,Cloudy,4.1,Busy,2178,18
1119,14318,19.843504,75.41646,6923,19.887392,75.465732,765,19.916975,75.337411,7.32,Medium,Cloudy,3.0,Available,390,45
1120,83586,19.855297,75.293949,6331,19.863063,75.287815,507,19.778072,75.372989,1.1,Medium,Cloudy,3.9,Busy,1905,19
1121,13571,19.969131,75.290616,4192,19.934322,75.273266,845,19.982351,75.261325,4.32,Low,Sunny,4.9,Available,1438,23
1122,76403,19.857181,75.35916,9787,19.836977,75.32742,632,19.875835,75.316576,4.18,High,Cloudy,3.0,Available,2226,26
1123,96113,19.861781,75.301771,4960,19.876838,75.287385,651,19.935984,75.371555,2.31,High,Sunny,4.8,Available,285,18
1124,38564,19.914756,75.449471,1829,19.899607,75.482771,947,19.946378,75.480093,4.06,High,Rainy,4.6,Busy,424,20
1125,46764,19.860132,75.25708,2688,19.848318,75.272464,963,19.792306,75.273656,2.15,Medium,Cloudy,4.7,Available,1348,12
1126,28281,19.919912,75.207398,3179,19.908007,75.198151,612,19.91753,75.23444,1.67,Medium,Sunny,3.4,Busy,2388,17
1127,83861,19.788784,75.444058,5486,19.7876,75.399822,601,19.858746,75.457861,4.91,Low,Cloudy,4.1,Busy,572,15
1128,70598,19.840543,75.268167,4239,19.790881,75.29015,781,19.893952,75.251373,6.03,Medium,Rainy,4.3,Available,1161,23
1129,69893,19.904373,75.444794,4689,19.90757,75.416202,927,19.924418,75.446863,3.19,High,Rainy,3.1,Available,1377,24
1130,35412,19.842378,75.2467,4309,19.854818,75.264636,678,19.840382,75.173183,2.42,Low,Sunny,4.7,Available,1799,12
1131,48787,19.753083,75.410848,2307,19.797265,75.426404,979,19.710113,75.371127,5.2,Low,Sunny,3.3,Busy,664,26
1132,25628,19.930663,75.321963,9265,19.902312,75.283653,595,19.930501,75.369062,5.29,High,Rainy,3.5,Available,242,20
1133,87081,19.872379,75.289058,8050,19.834797,75.244048,627,19.881318,75.212378,6.51,High,Rainy,3.3,Available,1173,35
1134,76865,19.771122,75.354787,4613,19.737493,75.312446,960,19.797361,75.420717,6.0,Medium,Sunny,3.1,Busy,432,25
1135,46744,19.840118,75.291349,7420,19.844398,75.337057,860,19.903916,75.286602,5.1,Medium,Cloudy,4.2,Available,659,25
1136,48842,19.83255,75.341551,3377,19.806342,75.390417,839,19.832689,75.292617,6.15,High,Cloudy,4.7,Available,653,27
1137,31500,19.788998,75.404369,8683,19.775886,75.383749,775,19.841498,75.426533,2.71,High,Rainy,4.3,Available,474,19
1138,58505,19.765987,75.327144,8717,19.724233,75.350739,543,19.773427,75.399716,5.32,Low,Cloudy,3.2,Available,668,33
1139,76741,19.826003,75.334555,3238,19.867931,75.338588,636,19.8589,75.311783,4.68,Medium,Rainy,3.9,Available,2402,18
1140,64878,19.833805,75.43465,7200,19.850085,75.469083,937,19.876341,75.415312,4.23,Medium,Rainy,3.4,Available,1276,32
1141,25624,19.908841,75.332008,7411,19.887698,75.363473,894,19.875249,75.410634,4.21,Low,Rainy,3.1,Busy,244,24
1142,90446,19.976416,75.413549,3446,20.019439,75.442426,774,19.969432,75.366418,5.75,Medium,Sunny,4.3,Available,1169,25
1143,89015,19.835413,75.436121,5182,19.855958,75.461541,790,19.794201,75.383094,3.63,High,Sunny,4.5,Busy,1188,20
1144,15136,19.820189,75.323694,9140,19.788841,75.366577,888,19.834802,75.263087,5.9,High,Sunny,4.9,Available,2313,35
1145,35247,19.955919,75.310934,2174,19.971891,75.356903,610,19.891921,75.308098,5.4,Medium,Rainy,3.5,Busy,840,31
1146,90598,19.854824,75.218935,4680,19.806098,75.229815,712,19.785298,75.199796,5.54,High,Sunny,4.2,Available,2127,28
1147,58984,19.921788,75.250382,3560,19.905919,75.297043,629,19.936853,75.298567,5.47,Medium,Cloudy,4.4,Available,1546,30
1148,99937,19.875651,75.37566,3608,19.925643,75.369189,927,19.864146,75.430474,5.6,Medium,Rainy,4.5,Available,814,36
1149,21116,19.864625,75.291779,7034,19.902781,75.25305,847,19.862533,75.242878,6.03,High,Cloudy,3.3,Available,1626,16
1150,10424,19.845622,75.335154,3747,19.853353,75.345405,517,19.868043,75.298637,1.43,Low,Rainy,3.1,Available,1930,7
1151,85886,19.807939,75.298823,1849,19.856255,75.273304,737,19.788158,75.266997,6.07,High,Cloudy,4.0,Available,183,22
1152,41952,19.965205,75.297973,2222,19.955492,75.31305,558,19.969523,75.277885,1.99,High,Rainy,3.6,Available,365,16
1153,81028,19.796288,75.347612,4223,19.762533,75.396192,995,19.790559,75.36319,6.57,High,Sunny,4.2,Available,948,31
1154,21845,19.884953,75.351258,8913,19.847137,75.356121,510,19.806863,75.351452,4.23,High,Cloudy,3.1,Busy,275,32
1155,13217,19.775115,75.315374,5357,19.818914,75.288645,518,19.700681,75.362272,5.7,Low,Sunny,4.5,Available,1797,32
1156,34946,19.766388,75.43053,5504,19.721485,75.428463,882,19.802074,75.413449,4.99,Medium,Cloudy,4.6,Busy,2029,30
1157,51585,19.758968,75.387672,6988,19.803886,75.37254,841,19.707728,75.394072,5.26,High,Rainy,3.9,Available,696,24
1158,20830,19.845845,75.354493,3480,19.862383,75.400767,556,19.790349,75.432217,5.45,High,Rainy,4.8,Available,2164,32
1159,17447,19.910733,75.424097,4984,19.905575,75.439787,803,19.949883,75.416727,1.83,Medium,Rainy,4.5,Available,738,14
1160,57234,19.979255,75.224738,5245,19.997519,75.200022,513,19.961972,75.248087,3.41,Low,Rainy,4.6,Available,180,23
1161,12134,19.815586,75.433772,1257,19.834671,75.405842,978,19.833929,75.493029,3.75,Medium,Rainy,3.5,Available,1965,19
1162,92410,19.91012,75.440109,2054,19.877559,75.421239,689,19.923379,75.477292,4.18,Low,Rainy,4.3,Busy,516,24
1163,91109,19.837853,75.427857,6566,19.815585,75.398385,517,19.816129,75.451882,4.1,Medium,Rainy,3.2,Available,2363,14
1164,91132,19.806566,75.372183,2353,19.845754,75.385415,820,19.782141,75.369501,4.59,High,Rainy,3.1,Available,546,25
1165,57511,19.81863,75.210346,4708,19.77189,75.188215,874,19.823511,75.219365,5.74,Low,Cloudy,3.8,Available,2434,23
1166,75316,19.97893,75.281624,6320,20.022576,75.27085,523,19.969172,75.329154,4.99,Low,Cloudy,4.9,Available,360,20
1167,84975,19.75807,75.36285,3573,19.76156,75.358785,697,19.823291,75.309711,0.59,Medium,Sunny,4.3,Busy,2038,1
1168,18826,19.797024,75.371901,1668,19.78195,75.373084,769,19.866443,75.297877,1.68,Medium,Cloudy,4.0,Available,1688,15
1169,38247,19.87194,75.295367,7750,19.835732,75.343549,913,19.851101,75.315495,6.69,Medium,Sunny,3.3,Busy,938,26
1170,14099,19.756768,75.284961,2654,19.765217,75.267818,839,19.681064,75.276051,2.12,Low,Sunny,4.2,Available,455,12
1171,98023,19.818095,75.271937,8084,19.866397,75.226123,562,19.896342,75.199577,7.39,High,Cloudy,3.3,Available,1600,31
1172,21603,19.911987,75.385555,3488,19.930791,75.369248,604,19.849863,75.35063,2.76,Medium,Cloudy,3.3,Available,2352,16
1173,80509,19.789809,75.234875,9436,19.767931,75.205282,858,19.861146,75.168342,4.09,Medium,Cloudy,5.0,Busy,485,14
1174,39076,19.926691,75.266182,5587,19.90777,75.276176,856,19.884728,75.279657,2.38,Medium,Cloudy,4.0,Available,1672,19
1175,17045,19.790853,75.239792,8283,19.8066,75.276806,649,19.853641,75.26279,4.46,Low,Rainy,3.6,Available,184,24
1176,52376,19.967764,75.226671,7749,19.980881,75.233506,977,20.030214,75.26687,1.64,Low,Rainy,3.0,Available,1955,23
1177,20270,19.858713,75.215284,1884,19.860918,75.20328,690,19.785859,75.188904,1.35,Medium,Rainy,5.0,Available,2044,23
1178,10057,19.936074,75.326334,9503,19.956344,75.350909,633,19.896629,75.386446,3.54,Medium,Cloudy,3.4,Busy,2451,20
1179,32735,19.884428,75.297641,4974,19.845388,75.337186,773,19.810103,75.355751,6.17,Low,Rainy,4.3,Busy,622,36
1180,76445,19.89369,75.389382,5133,19.927793,75.415563,844,19.870331,75.468858,4.77,Medium,Cloudy,3.0,Available,644,26
1181,16855,19.814753,75.213344,8401,19.833604,75.170743,525,19.767279,75.148208,5.17,Medium,Rainy,3.5,Available,597,29
1182,67956,19.84537,75.425837,9567,19.831646,75.388338,793,19.788413,75.488374,4.43,Low,Rainy,4.7,Available,489,24
1183,66884,19.938089,75.417243,5987,19.942256,75.399971,541,19.970367,75.407491,1.97,High,Rainy,3.3,Available,202,13
1184,55174,19.929063,75.282078,3032,19.926264,75.311946,948,19.856495,75.227445,3.33,Medium,Rainy,3.1,Available,1671,20
1185,33640,19.828415,75.274269,7461,19.801821,75.307281,864,19.857143,75.232057,4.71,High,Sunny,3.8,Busy,1861,26
1186,67751,19.853848,75.227899,4340,19.87243,75.208515,656,19.797622,75.215551,2.98,High,Sunny,3.8,Available,1830,14
1187,57673,19.780613,75.412419,1974,19.828416,75.378213,891,19.786296,75.487032,6.52,Medium,Rainy,3.4,Busy,623,22
1188,35650,19.808123,75.249464,4205,19.812327,75.259631,960,19.825494,75.231573,1.22,Medium,Rainy,4.7,Available,1790,23
1189,41989,19.899404,75.212591,1313,19.914738,75.247734,717,19.970197,75.292162,4.26,Medium,Rainy,4.2,Available,2077,19
1190,38281,19.953265,75.37151,2739,19.930065,75.333826,569,19.934408,75.424844,4.91,Medium,Rainy,3.1,Available,958,21
1191,43512,19.873592,75.377528,7275,19.829213,75.390702,501,19.915936,75.42209,5.14,High,Cloudy,3.5,Busy,476,27
1192,19257,19.908535,75.284528,7066,19.95531,75.244678,534,19.908174,75.273016,6.82,Medium,Rainy,4.2,Available,1673,24
1193,15597,19.947804,75.289909,4926,19.930293,75.291614,504,19.87512,75.361166,1.95,Medium,Cloudy,4.8,Available,1125,16
1194,79157,19.817035,75.241193,5563,19.837664,75.255089,569,19.877667,75.315101,2.76,Medium,Rainy,3.1,Available,2440,20
1195,22501,19.789073,75.413233,4477,19.77082,75.423053,935,19.771456,75.397605,2.3,Low,Sunny,3.7,Available,2026,14
1196,79674,19.895665,75.372131,5274,19.911508,75.38246,956,19.881844,75.35186,2.1,Low,Rainy,4.4,Available,411,17
1197,79343,19.931665,75.242909,9716,19.902861,75.246112,818,19.879914,75.264508,3.22,High,Rainy,4.6,Available,985,14
1198,18100,19.803152,75.425861,3911,19.76288,75.401222,815,19.829236,75.453655,5.24,High,Rainy,4.4,Available,266,22
1199,86438,19.953002,75.255674,4624,19.914293,75.273894,799,19.943515,75.303129,4.75,High,Cloudy,3.6,Available,193,10
1200,23746,19.752948,75.437661,8288,19.782616,75.406862,549,19.718959,75.514915,4.75,Low,Rainy,4.6,Available,1121,24
1201,87972,19.792995,75.359236,7549,19.817641,75.401997,764,19.816493,75.434483,5.48,Medium,Sunny,3.7,Available,2126,30
1202,93517,19.857213,75.38746,9401,19.824954,75.338806,836,19.844023,75.413966,6.48,Low,Rainy,4.9,Available,1871,33
1203,20909,19.833081,75.265122,5350,19.868836,75.252587,857,19.755774,75.247568,4.21,Low,Rainy,3.5,Available,663,25
1204,76876,19.755785,75.390885,8972,19.797299,75.364667,913,19.744424,75.330423,5.45,Medium,Sunny,4.0,Busy,1582,25
1205,34490,19.885644,75.234194,1201,19.920139,75.231713,974,19.831623,75.173846,3.84,Medium,Sunny,4.8,Available,1721,15
1206,51970,19.864134,75.425069,2041,19.84637,75.44027,521,19.897438,75.469657,2.6,Low,Cloudy,3.8,Busy,647,12
1207,91919,19.904088,75.264449,3984,19.878598,75.285921,898,19.907511,75.293773,3.7,High,Sunny,4.2,Available,1039,27
1208,13185,19.809781,75.275155,9968,19.825896,75.294714,672,19.842437,75.304387,2.81,High,Sunny,3.8,Available,301,16
1209,59240,19.765743,75.311875,7299,19.732145,75.296485,960,19.81694,75.293323,4.1,High,Rainy,4.0,Available,1069,23
1210,90201,19.904989,75.210805,1115,19.938772,75.177767,529,19.936566,75.166722,5.25,High,Sunny,4.2,Available,2175,28
1211,33750,19.937593,75.244802,6207,19.895813,75.227638,889,19.925493,75.251627,5.01,Medium,Rainy,4.4,Available,887,32
1212,56266,19.892014,75.437992,5374,19.873084,75.446057,840,19.964591,75.462069,2.28,Low,Sunny,3.4,Available,755,10
1213,80417,19.93419,75.315175,9414,19.890475,75.355729,574,19.941361,75.383094,6.62,Low,Cloudy,3.2,Busy,1909,17
1214,63158,19.883802,75.260238,5558,19.878447,75.222509,930,19.80977,75.231532,4.23,High,Rainy,4.3,Available,2025,13
1215,60189,19.953346,75.224499,4183,19.966776,75.255309,878,20.007038,75.236964,3.73,Medium,Rainy,3.8,Available,2489,13
1216,18951,19.89984,75.329169,9117,19.949027,75.284631,879,19.898407,75.263796,7.37,High,Sunny,3.3,Available,1002,29
1217,63380,19.767161,75.300724,3766,19.717416,75.301845,550,19.718074,75.359627,5.52,Medium,Rainy,3.9,Available,955,24
1218,82417,19.916608,75.241237,4722,19.919031,75.218158,609,19.969279,75.162292,2.58,Low,Cloudy,4.2,Available,2174,14
1219,61656,19.897131,75.437952,3014,19.945367,75.453291,836,19.900651,75.455219,5.62,High,Sunny,4.3,Available,221,23
1220,37618,19.876886,75.350441,2615,19.926751,75.320559,989,19.880601,75.325831,6.45,Low,Sunny,3.5,Available,1705,25
1221,63625,19.791847,75.280984,4195,19.746775,75.326028,579,19.804831,75.331347,7.07,High,Rainy,4.8,Available,1305,33
1222,11573,19.812468,75.236385,9035,19.82308,75.235303,919,19.747824,75.219684,1.18,Medium,Sunny,3.3,Busy,2002,8
1223,82792,19.863458,75.324588,9692,19.911117,75.3693,649,19.840823,75.267081,7.25,Low,Rainy,4.9,Available,2443,45
1224,66195,19.868998,75.207579,3090,19.895454,75.241122,860,19.888105,75.247375,4.74,Medium,Rainy,3.8,Available,1507,26
1225,15136,19.9306,75.328178,9785,19.961907,75.327904,513,20.003661,75.368605,3.48,Medium,Rainy,4.9,Available,1706,18
1226,20556,19.917749,75.29234,7250,19.933092,75.300031,647,19.857917,75.249917,1.91,High,Rainy,4.3,Available,1445,18
1227,50149,19.945857,75.213887,6184,19.910731,75.221566,880,19.984163,75.146087,3.99,Medium,Cloudy,4.9,Available,1483,25
1228,11674,19.960715,75.438914,6099,20.003422,75.415159,533,19.91791,75.40654,5.42,High,Cloudy,3.7,Available,608,22
1229,59339,19.937317,75.208046,3782,19.89209,75.236984,592,19.94261,75.220549,5.96,Low,Sunny,3.6,Available,880,30
1230,86593,19.958169,75.397483,6889,19.999076,75.369308,842,19.962069,75.452279,5.51,Low,Sunny,4.8,Busy,2126,23
1231,57346,19.895786,75.306812,6710,19.935723,75.308738,928,19.896725,75.236772,4.44,Medium,Sunny,4.1,Busy,659,28
1232,22777,19.879798,75.413994,8936,19.919254,75.428867,616,19.915861,75.421869,4.68,High,Rainy,4.3,Busy,279,20
1233,87027,19.833674,75.375896,2656,19.801547,75.362228,606,19.800283,75.392142,3.88,Low,Sunny,4.1,Busy,711,16
1234,18348,19.788581,75.211393,6385,19.828796,75.21547,755,19.820575,75.26389,4.49,Medium,Sunny,4.9,Available,2070,29
1235,95873,19.907945,75.426465,6818,19.895238,75.434956,615,19.829895,75.399597,1.7,High,Cloudy,3.8,Available,2399,16
1236,32507,19.885092,75.207834,6524,19.845763,75.212834,803,19.899717,75.132472,4.4,Medium,Rainy,4.7,Available,2348,23
1237,99698,19.920387,75.206179,1136,19.960699,75.163259,629,19.900625,75.139153,6.54,Low,Cloudy,4.3,Available,2084,29
1238,76573,19.940212,75.271157,1992,19.934818,75.252366,644,19.903181,75.260182,2.17,High,Sunny,4.0,Available,1690,16
1239,38134,19.811782,75.341704,9678,19.842498,75.347793,650,19.881573,75.391357,3.48,Low,Cloudy,3.8,Available,290,27
1240,37987,19.92402,75.268309,3972,19.90238,75.283744,990,19.983514,75.343479,2.95,Medium,Sunny,4.6,Busy,2178,18
1241,86309,19.89239,75.346112,3064,19.903043,75.358038,711,19.947919,75.293325,1.78,Low,Rainy,3.9,Available,956,14
1242,75250,19.938758,75.342752,4420,19.891938,75.383043,520,19.865029,75.345187,6.86,Medium,Rainy,3.1,Busy,1256,22
1243,73887,19.902164,75.240715,7389,19.925596,75.263416,790,19.890175,75.308681,3.62,High,Cloudy,3.5,Available,1324,19
1244,74877,19.893666,75.234789,4713,19.940947,75.229117,968,19.96534,75.176334,5.29,Low,Rainy,4.2,Busy,1969,19
1245,54264,19.970406,75.22079,3644,19.98477,75.268012,682,20.046922,75.216186,5.48,High,Rainy,4.2,Available,129,30
1246,42162,19.821224,75.375156,3121,19.793643,75.387329,554,19.835582,75.450423,3.35,High,Cloudy,4.4,Busy,670,28
1247,55819,19.806175,75.425896,2242,19.766125,75.441512,700,19.852749,75.402683,4.77,Medium,Cloudy,4.7,Available,1791,19
1248,57201,19.806588,75.41932,6102,19.766977,75.372557,740,19.740729,75.474623,6.8,Medium,Rainy,3.7,Available,1946,27
1249,83002,19.853347,75.423472,7405,19.889924,75.417313,660,19.83433,75.492722,4.12,High,Sunny,3.9,Available,1895,33
1250,99422,19.921932,75.417567,4237,19.910651,75.433267,759,19.963072,75.367987,2.15,Medium,Cloudy,3.2,Available,280,17
1251,87795,19.875665,75.408734,5142,19.855937,75.441999,957,19.921205,75.332213,4.29,Medium,Cloudy,4.1,Available,832,24
1252,74372,19.909949,75.245303,9949,19.869054,75.220413,695,19.875538,75.268856,5.31,Medium,Cloudy,4.1,Available,1084,39
1253,61516,19.97772,75.339381,6516,19.93124,75.348379,588,19.967653,75.263227,5.26,Medium,Rainy,3.0,Available,1635,28
1254,35594,19.891543,75.280396,4411,19.898568,75.254062,634,19.834483,75.260231,3.03,Low,Sunny,3.9,Available,1184,21
1255,37081,19.929478,75.39861,4005,19.905126,75.401527,839,20.003155,75.332952,2.72,High,Rainy,3.6,Busy,1452,14
1256,62289,19.781487,75.27146,8824,19.756823,75.282978,619,19.774429,75.19767,3.02,Medium,Cloudy,3.7,Available,891,13
1257,65505,19.841622,75.220867,9264,19.820692,75.22524,646,19.805724,75.176265,2.37,Low,Sunny,3.3,Busy,457,11
1258,96538,19.935889,75.39254,9995,19.908187,75.404158,647,19.894842,75.47066,3.33,Low,Cloudy,3.1,Available,1144,21
1259,98612,19.775824,75.310073,3661,19.819012,75.274594,918,19.742529,75.278757,6.2,Low,Cloudy,3.1,Busy,118,29
1260,21137,19.802385,75.225459,5698,19.825278,75.193516,571,19.733529,75.213772,4.36,Medium,Rainy,4.9,Available,955,23
1261,36953,19.97354,75.40812,5033,19.950623,75.400864,857,19.931683,75.328792,2.67,Medium,Cloudy,3.0,Available,310,25
1262,39048,19.974319,75.360503,7783,19.970472,75.341029,985,19.92989,75.314571,2.2,Low,Cloudy,3.5,Available,1595,21
1263,77583,19.784184,75.301249,3886,19.744504,75.304553,568,19.719854,75.34773,4.42,Medium,Sunny,4.4,Available,2054,22
1264,34740,19.920319,75.408126,3324,19.945398,75.372513,756,19.939849,75.340978,4.83,High,Rainy,3.8,Available,1441,26
1265,92283,19.887167,75.442913,3030,19.850812,75.449744,529,19.934867,75.447,4.11,Low,Rainy,4.2,Available,206,19
1266,57628,19.916782,75.339252,6845,19.919377,75.314539,650,19.861519,75.2923,2.76,High,Cloudy,4.5,Available,2143,19
1267,26472,19.853697,75.224166,3550,19.837212,75.224854,754,19.890935,75.175858,1.83,Low,Cloudy,4.6,Available,1215,22
1268,39230,19.764906,75.285543,8170,19.813838,75.255194,986,19.778783,75.340414,6.39,Low,Cloudy,3.7,Available,659,35
1269,93994,19.777841,75.255402,9718,19.765806,75.241442,762,19.760521,75.302365,2.05,Medium,Cloudy,3.9,Available,362,18
1270,26385,19.805087,75.316652,2933,19.775092,75.322471,893,19.767489,75.242538,3.39,Medium,Sunny,3.3,Available,820,28
1271,76171,19.770667,75.407356,6134,19.726634,75.374296,845,19.818,75.327539,6.11,Low,Cloudy,4.2,Available,618,35
1272,90214,19.889953,75.424444,7744,19.880098,75.412957,517,19.810521,75.442592,1.68,High,Cloudy,4.0,Busy,233,5
1273,86160,19.930819,75.267429,9247,19.954122,75.278455,980,19.878018,75.33225,2.86,High,Cloudy,4.5,Available,738,22
1274,91573,19.809041,75.311084,1836,19.824952,75.305061,818,19.840613,75.33252,1.89,High,Cloudy,4.6,Available,904,23
1275,24063,19.894801,75.379122,5452,19.849081,75.403521,627,19.892587,75.349962,5.75,Low,Rainy,3.2,Available,2496,24
1276,52240,19.906791,75.267167,2978,19.938309,75.253084,887,19.903584,75.341677,3.83,High,Cloudy,3.1,Available,293,18
1277,64598,19.933535,75.24747,5258,19.955672,75.230777,775,19.946834,75.173656,3.08,High,Sunny,4.0,Available,756,14
1278,55797,19.974632,75.312296,7091,19.993349,75.316238,972,19.974369,75.242649,2.12,Medium,Rainy,4.8,Available,1299,18
1279,91259,19.837143,75.296954,3823,19.84269,75.261068,888,19.819104,75.28847,4.03,Low,Cloudy,4.3,Available,963,21
1280,18577,19.977682,75.269718,9712,20.020036,75.319307,752,19.993657,75.195029,7.24,High,Cloudy,3.8,Available,1249,31
1281,71463,19.956192,75.236718,2744,19.929165,75.19745,619,19.898534,75.238731,5.29,Medium,Rainy,3.8,Busy,1824,13
1282,79817,19.965442,75.249035,9263,20.014457,75.228827,573,19.98823,75.249332,5.88,Low,Sunny,3.1,Available,2478,32
1283,75298,19.929073,75.281412,4214,19.926575,75.270258,569,19.903879,75.204908,1.27,High,Cloudy,4.8,Available,2361,11
1284,94661,19.96427,75.432413,4336,19.915065,75.474602,812,19.892972,75.394937,7.19,Medium,Rainy,4.0,Available,1254,22
1285,91565,19.813026,75.430184,8167,19.7707,75.44114,516,19.842104,75.431071,4.85,Low,Cloudy,3.3,Available,1395,20
1286,68353,19.874454,75.433154,9964,19.872298,75.439275,734,19.88983,75.418751,0.72,Medium,Rainy,3.4,Available,1972,7
1287,58522,19.958567,75.397344,8258,19.9798,75.370858,968,19.979992,75.420268,3.77,Low,Rainy,4.4,Busy,114,22
1288,61564,19.883983,75.222213,4311,19.883041,75.234254,595,19.815201,75.175326,1.34,High,Sunny,3.7,Available,450,2
1289,59285,19.853656,75.203244,8233,19.880709,75.157344,626,19.906347,75.209803,5.91,Low,Sunny,4.7,Busy,935,30
1290,19495,19.883695,75.22722,9323,19.879608,75.25598,892,19.808131,75.156322,3.22,Low,Cloudy,4.1,Available,2124,21
1291,74399,19.823835,75.266331,7356,19.839067,75.272232,642,19.801821,75.288969,1.81,Low,Sunny,4.6,Available,1708,21
1292,58603,19.937609,75.403489,4651,19.972478,75.370411,515,19.970551,75.34693,5.33,Medium,Cloudy,3.5,Available,930,27
1293,97051,19.833172,75.389121,6402,19.820063,75.410638,716,19.812289,75.376839,2.8,Medium,Rainy,4.9,Available,1357,15
1294,39080,19.877796,75.358522,7251,19.915196,75.383153,991,19.877296,75.35242,4.97,Low,Sunny,3.9,Available,1509,20
1295,80793,19.797169,75.343789,5909,19.762067,75.320042,709,19.774983,75.286777,4.7,Low,Rainy,4.8,Available,1534,18
1296,93583,19.804575,75.343194,4301,19.853439,75.300538,517,19.788664,75.270087,7.2,Medium,Rainy,4.8,Available,2364,27
1297,43617,19.779237,75.326543,5814,19.782153,75.327988,652,19.790356,75.249539,0.36,Low,Sunny,4.4,Available,1715,17
1298,50834,19.861721,75.440185,4553,19.859081,75.415468,825,19.837893,75.501798,2.76,High,Rainy,4.0,Available,1852,9
1299,73177,19.93609,75.341955,1493,19.985962,75.38726,946,19.960907,75.336287,7.48,Medium,Sunny,3.3,Available,856,34
1300,45284,19.78232,75.383623,7069,19.818817,75.387258,933,19.748568,75.359833,4.07,High,Sunny,3.7,Available,1853,21
1301,26705,19.78034,75.285072,7705,19.781764,75.320277,666,19.803019,75.233237,3.91,Low,Sunny,4.2,Available,2034,13
1302,70539,19.853774,75.2834,1693,19.834135,75.27449,875,19.777468,75.310364,2.39,Medium,Rainy,3.7,Available,938,11
1303,25405,19.812134,75.33561,4472,19.861358,75.371224,987,19.780837,75.303777,6.74,Low,Sunny,3.8,Available,2486,35
1304,95083,19.754662,75.392069,8186,19.744763,75.423682,859,19.788002,75.444668,3.68,High,Cloudy,3.4,Busy,2491,12
1305,30997,19.978731,75.340944,3864,20.011177,75.363458,621,20.03518,75.288752,4.38,Low,Sunny,4.0,Busy,2217,30
1306,39493,19.853095,75.352695,3072,19.834951,75.379936,822,19.928531,75.423643,3.63,Medium,Rainy,3.5,Busy,689,17
1307,28409,19.958857,75.403403,4133,20.006249,75.394228,767,19.931844,75.327912,5.36,Low,Cloudy,4.7,Available,2086,29
1308,50849,19.790623,75.289581,3677,19.805952,75.262981,535,19.740009,75.211174,3.41,Medium,Cloudy,3.9,Available,1626,14
1309,10056,19.914515,75.415199,4950,19.865473,75.461841,899,19.889141,75.493663,7.51,High,Sunny,3.7,Busy,855,39
1310,26860,19.979209,75.337883,6283,19.999257,75.328557,523,19.986844,75.408695,2.45,Medium,Rainy,5.0,Available,630,16
1311,22979,19.882466,75.359924,3209,19.873233,75.3774,979,19.865758,75.356183,2.19,Medium,Cloudy,3.0,Available,2465,12
1312,24052,19.816983,75.401878,8332,19.815129,75.417363,731,19.767267,75.407239,1.73,Medium,Rainy,4.6,Available,1343,10
1313,80871,19.893904,75.237103,9407,19.911875,75.197593,834,19.953442,75.239769,4.82,Medium,Rainy,3.1,Available,219,24
1314,34698,19.84848,75.34464,4253,19.844774,75.3115,908,19.771449,75.36221,3.7,High,Sunny,3.2,Available,1301,19
1315,25987,19.776379,75.21781,9799,19.811572,75.245296,830,19.738576,75.189687,4.96,Low,Rainy,4.3,Available,749,22
1316,73649,19.763401,75.368764,8117,19.790078,75.389768,827,19.801324,75.305503,3.77,Low,Sunny,3.4,Available,1136,27
1317,26090,19.971985,75.350299,8424,20.00331,75.365316,501,19.983191,75.382878,3.86,Low,Rainy,4.8,Available,509,11
1318,44819,19.943759,75.300307,4701,19.936744,75.265125,522,19.871367,75.322901,3.98,Medium,Sunny,4.5,Available,1530,17
1319,21503,19.933899,75.31548,6368,19.898769,75.337863,987,19.883782,75.353648,4.62,Medium,Sunny,3.9,Busy,1156,32
1320,40134,19.793575,75.352428,5444,19.803063,75.353438,731,19.714272,75.361266,1.06,High,Sunny,3.5,Available,396,14
1321,98393,19.863761,75.357366,2086,19.864249,75.361038,769,19.787612,75.317945,0.41,Low,Cloudy,5.0,Available,366,11
1322,15057,19.812751,75.444562,7810,19.83018,75.48773,582,19.86635,75.457138,5.17,High,Rainy,4.2,Available,1355,21
1323,37944,19.968575,75.31631,6691,19.988682,75.340013,903,19.994535,75.323848,3.45,Medium,Cloudy,3.9,Available,2337,22
1324,86661,19.881687,75.320099,6110,19.842337,75.354046,944,19.92091,75.249519,5.77,High,Sunny,4.1,Available,1454,26
1325,64979,19.949912,75.449477,3480,19.95843,75.474596,941,19.90234,75.476282,2.94,High,Sunny,5.0,Available,1367,10
1326,45500,19.825486,75.316944,2872,19.843659,75.358121,612,19.877556,75.30904,5.0,High,Sunny,3.5,Available,2467,32
1327,34271,19.779395,75.288202,1247,19.784099,75.291491,931,19.705076,75.360337,0.64,Low,Rainy,3.0,Available,1942,13
1328,88651,19.824168,75.326451,6265,19.849219,75.295771,775,19.749224,75.38282,4.4,Medium,Rainy,4.8,Busy,1829,32
1329,37387,19.960482,75.381048,3309,19.992044,75.418239,986,20.036102,75.423167,5.41,Medium,Rainy,3.7,Available,380,28
1330,61332,19.863871,75.307983,4345,19.854902,75.308445,605,19.842574,75.347787,1.0,Medium,Cloudy,4.8,Available,1416,6
1331,47972,19.89289,75.334978,6004,19.913915,75.316891,700,19.834889,75.257797,3.08,Low,Sunny,3.9,Available,920,27
1332,90066,19.929364,75.367714,4993,19.952538,75.398895,512,19.974682,75.396863,4.31,Low,Rainy,5.0,Available,390,20
1333,95799,19.849539,75.372471,3936,19.856315,75.365437,868,19.900437,75.419579,1.08,High,Cloudy,3.2,Available,623,9
1334,59615,19.790813,75.341372,4860,19.784717,75.304116,628,19.785106,75.287676,4.19,Low,Rainy,4.1,Available,188,17
1335,36998,19.904258,75.312283,4468,19.943322,75.324541,550,19.98269,75.363382,4.54,Low,Sunny,3.6,Available,1350,30
1336,17928,19.903707,75.399889,2790,19.876463,75.366584,549,19.826844,75.356383,4.78,High,Sunny,4.4,Available,1487,25
1337,87271,19.906441,75.291109,6786,19.871144,75.276069,526,19.862342,75.338434,4.26,Medium,Rainy,4.4,Available,2208,18
1338,89244,19.793147,75.394286,9540,19.835796,75.425848,956,19.832379,75.367838,5.89,High,Rainy,3.4,Available,1447,25
1339,73654,19.856583,75.407763,2360,19.816472,75.372236,894,19.825616,75.450302,5.95,Low,Cloudy,3.8,Available,1212,27
1340,35836,19.778933,75.437494,6279,19.814915,75.403051,819,19.726516,75.439484,5.53,Medium,Cloudy,3.4,Available,710,20
1341,43314,19.75987,75.379869,9530,19.805129,75.35628,670,19.693901,75.37596,5.67,Medium,Sunny,4.1,Available,2098,19
1342,55309,19.780543,75.285684,1260,19.781562,75.326057,712,19.713635,75.312661,4.48,High,Rainy,4.3,Available,1785,25
1343,77635,19.950175,75.304924,7386,19.965633,75.305331,718,19.986552,75.301603,1.72,High,Cloudy,3.7,Busy,1087,10
1344,76917,19.808905,75.255612,6602,19.778895,75.279324,856,19.870906,75.212516,4.25,Medium,Sunny,4.3,Available,1478,25
1345,19200,19.839334,75.439996,2317,19.866143,75.410805,644,19.820804,75.447038,4.4,Low,Rainy,3.7,Busy,1563,25
1346,84712,19.850328,75.264063,5501,19.806255,75.247814,854,19.843931,75.293987,5.21,High,Sunny,4.0,Available,304,28
1347,55952,19.832575,75.226297,6284,19.814859,75.193191,530,19.903246,75.197498,4.17,Medium,Cloudy,4.7,Available,2061,25
1348,10424,19.800416,75.383315,4051,19.802229,75.334467,845,19.803136,75.319231,5.43,High,Cloudy,4.1,Available,784,27
1349,77762,19.91841,75.241287,5388,19.964076,75.213678,874,19.91165,75.179645,5.92,High,Sunny,3.6,Available,849,35
1350,72415,19.946536,75.340987,8248,19.961446,75.321711,543,19.926049,75.274166,2.71,High,Cloudy,4.9,Busy,1731,12
1351,34448,19.75661,75.242696,4616,19.727702,75.269092,785,19.789681,75.26127,4.35,High,Rainy,4.8,Available,535,18
1352,60929,19.787649,75.334879,1059,19.788456,75.29491,597,19.765782,75.26844,4.44,Low,Cloudy,4.6,Available,170,21
1353,82024,19.805669,75.379423,9157,19.769985,75.362324,597,19.796393,75.33018,4.39,Low,Cloudy,3.3,Available,481,21
1354,98598,19.825692,75.373485,1500,19.861686,75.361531,958,19.90007,75.335884,4.21,High,Sunny,4.1,Available,380,23
1355,39985,19.943973,75.309067,9017,19.937307,75.349602,755,19.956163,75.319658,4.56,High,Cloudy,3.9,Available,144,25
1356,21036,19.928011,75.313437,5012,19.966238,75.278228,544,19.929347,75.336952,5.77,Medium,Cloudy,4.8,Busy,1905,29
1357,34315,19.796052,75.404341,9143,19.820472,75.440311,850,19.750407,75.389114,4.83,Medium,Cloudy,3.2,Available,116,24
1358,13139,19.979851,75.308957,3259,19.944789,75.299144,702,20.018666,75.364627,4.04,Medium,Rainy,4.9,Available,590,29
1359,48930,19.882459,75.201162,8636,19.836586,75.249143,605,19.825658,75.185885,7.37,Low,Rainy,4.7,Busy,2289,35
1360,49648,19.812533,75.434603,4888,19.829103,75.389317,981,19.754251,75.385128,5.35,High,Sunny,4.5,Available,761,24
1361,37328,19.811064,75.439264,2554,19.785496,75.479774,983,19.847187,75.477747,5.32,Low,Sunny,4.6,Busy,2251,26
1362,10599,19.781491,75.381228,9796,19.747514,75.401439,673,19.812252,75.374717,4.39,High,Sunny,3.6,Available,261,28
1363,27206,19.925032,75.246577,7100,19.946948,75.263428,535,19.964731,75.196806,3.07,High,Rainy,3.7,Available,1446,16
1364,40396,19.910802,75.269822,7699,19.89421,75.274502,933,19.847188,75.292653,1.91,High,Sunny,3.9,Available,762,14
1365,48736,19.904186,75.269202,2098,19.87975,75.265616,597,19.941461,75.204214,2.74,High,Cloudy,4.1,Available,1735,13
1366,41174,19.787254,75.409347,1440,19.816935,75.37462,748,19.765466,75.345416,5.07,High,Sunny,3.6,Available,1571,35
1367,62633,19.92188,75.386892,8538,19.923659,75.402654,608,19.923746,75.311466,1.76,Medium,Rainy,3.8,Busy,2095,14
1368,27670,19.944573,75.251602,3846,19.965656,75.274778,820,19.892902,75.240993,3.48,High,Sunny,3.8,Available,678,18
1369,97389,19.758276,75.207414,2593,19.768826,75.190212,711,19.769903,75.153596,2.24,Medium,Rainy,4.7,Busy,1411,22
1370,58848,19.777721,75.390691,3042,19.771694,75.426246,633,19.81595,75.370934,4.0,High,Rainy,3.6,Busy,326,21
1371,72970,19.762398,75.268509,8668,19.786524,75.310734,711,19.687001,75.18851,5.4,High,Sunny,4.7,Available,464,30
1372,68989,19.946031,75.33394,7941,19.929627,75.360894,969,19.908461,75.396583,3.5,High,Cloudy,4.7,Available,2168,16
1373,62919,19.914055,75.333875,7719,19.865699,75.309006,996,19.981536,75.402045,6.04,Medium,Rainy,4.5,Available,852,25
1374,50324,19.750643,75.42799,2341,19.762937,75.422484,657,19.786761,75.401323,1.5,Medium,Rainy,3.1,Available,488,12
1375,51633,19.825638,75.365709,6985,19.875141,75.31826,791,19.889614,75.286337,7.61,Low,Cloudy,3.3,Available,1403,28
1376,81656,19.801445,75.268769,9485,19.810122,75.284736,927,19.724261,75.227468,2.02,Low,Cloudy,3.7,Busy,2024,17
1377,32844,19.82775,75.375168,6976,19.862114,75.384651,889,19.873264,75.415025,3.96,High,Cloudy,3.2,Busy,1624,24
1378,76918,19.826784,75.207212,6396,19.789157,75.201785,870,19.877718,75.250999,4.22,High,Cloudy,3.9,Available,830,25
1379,12704,19.858149,75.231698,6725,19.816183,75.200783,605,19.81899,75.1959,5.79,High,Cloudy,3.1,Available,155,28
1380,13573,19.758731,75.322134,8106,19.766159,75.361834,920,19.819866,75.310084,4.48,High,Cloudy,3.3,Available,484,28
1381,45744,19.956681,75.36933,2471,19.968485,75.389886,615,20.009293,75.429757,2.63,Low,Sunny,4.8,Available,2278,13
1382,51472,19.91725,75.204019,3687,19.882411,75.17852,500,19.96092,75.134639,4.79,High,Sunny,3.7,Available,342,30
1383,78876,19.97592,75.371419,6259,20.023468,75.327158,656,19.918154,75.363652,7.21,Low,Rainy,3.1,Available,2181,31
1384,86939,19.784426,75.386449,3655,19.753076,75.36,693,19.831303,75.321377,4.55,High,Cloudy,3.8,Available,671,26
1385,60354,19.904007,75.255072,7609,19.913541,75.295613,901,19.880517,75.208795,4.62,Medium,Cloudy,3.5,Available,2489,22
1386,44638,19.868145,75.347026,5261,19.855274,75.36401,988,19.85723,75.388836,2.37,Medium,Rainy,4.3,Available,178,14
1387,16716,19.938749,75.395015,7818,19.940088,75.369992,556,19.933163,75.405207,2.78,Medium,Rainy,4.3,Available,189,13
1388,33814,19.978779,75.31428,9839,19.935579,75.332538,737,19.906242,75.27436,5.21,High,Rainy,4.5,Available,1882,26
1389,62290,19.84463,75.430459,8976,19.844586,75.451357,656,19.799649,75.472215,2.32,Medium,Cloudy,4.8,Available,2085,21
1390,34104,19.915101,75.345254,1291,19.915155,75.392339,602,19.855845,75.408614,5.23,High,Cloudy,4.0,Available,1083,25
1391,49513,19.945714,75.359157,3609,19.909819,75.374123,509,19.896329,75.345065,4.32,High,Sunny,3.0,Available,1207,24
1392,32623,19.898125,75.37826,8422,19.875859,75.328321,841,19.956585,75.429848,6.07,High,Cloudy,3.7,Available,1722,25
1393,44828,19.860448,75.221257,4334,19.812715,75.263525,787,19.91011,75.252322,7.08,Medium,Sunny,4.6,Available,1774,36
1394,29329,19.947488,75.239208,5780,19.983942,75.220341,548,19.919773,75.17104,4.56,High,Sunny,3.3,Available,634,12
1395,66068,19.764758,75.351968,2729,19.762712,75.326516,865,19.710926,75.389901,2.83,Low,Cloudy,4.9,Available,1814,21
1396,44754,19.902497,75.436235,4544,19.897518,75.461177,823,19.925868,75.431906,2.82,Low,Cloudy,3.7,Available,1165,12
1397,28204,19.791454,75.327599,7884,19.79196,75.2913,902,19.743757,75.312905,4.03,Medium,Sunny,3.6,Available,674,26
1398,97533,19.978862,75.368414,1753,19.935748,75.330186,752,20.04544,75.389222,6.4,High,Rainy,4.8,Available,681,23
1399,84755,19.868558,75.268181,9029,19.884368,75.254598,990,19.900957,75.297393,2.31,High,Rainy,4.8,Available,2003,16
1400,77117,19.977963,75.315901,8967,19.967441,75.357862,659,19.982641,75.348713,4.8,Medium,Rainy,3.3,Available,1940,27
1401,59649,19.820783,75.271452,1536,19.801242,75.288258,733,19.893441,75.244165,2.86,Medium,Cloudy,3.9,Busy,1623,9
1402,30001,19.80317,75.244425,3700,19.852688,75.269724,993,19.788556,75.296643,6.17,High,Cloudy,3.6,Available,1421,26
1403,81484,19.806767,75.44493,2805,19.839643,75.454517,769,19.875447,75.436175,3.8,High,Cloudy,3.6,Available,227,20
1404,68611,19.88805,75.267083,6515,19.876386,75.272407,654,19.958767,75.289914,1.42,High,Cloudy,3.0,Busy,2146,18
1405,94366,19.823824,75.374746,9628,19.826503,75.391994,817,19.877557,75.324223,1.94,High,Rainy,3.1,Available,1419,12
1406,71776,19.934487,75.396024,4389,19.886646,75.384376,702,19.86549,75.442761,5.47,Medium,Cloudy,4.4,Available,2400,36
1407,92095,19.91442,75.335823,6691,19.947316,75.313001,960,19.978951,75.415614,4.44,Low,Cloudy,4.5,Available,1000,26
1408,74260,19.879699,75.293442,8038,19.843487,75.3393,905,19.873594,75.304036,6.49,High,Sunny,4.7,Available,1023,24
1409,53162,19.976659,75.305492,2604,20.021697,75.259034,607,20.016006,75.328331,7.18,Medium,Cloudy,4.0,Available,1691,38
1410,89914,19.92321,75.440493,7729,19.902795,75.406949,656,19.923701,75.43964,4.36,Medium,Rainy,4.5,Available,1415,15
1411,35724,19.950225,75.295737,6782,19.983932,75.319393,858,19.997123,75.251048,4.57,Medium,Rainy,4.3,Busy,2383,32
1412,37100,19.934204,75.301798,8702,19.916171,75.298122,832,19.877704,75.278929,2.04,Low,Sunny,3.1,Available,1495,16
1413,21774,19.789872,75.236371,3200,19.831378,75.274576,880,19.71503,75.276644,6.26,Low,Rainy,4.0,Busy,246,26
1414,52423,19.82511,75.271585,1368,19.863306,75.237756,739,19.77408,75.28306,5.66,Low,Sunny,3.8,Busy,2430,20
1415,23333,19.975393,75.290794,1558,19.9423,75.290744,848,20.011439,75.224117,3.67,Low,Rainy,4.7,Available,1585,24
1416,87702,19.919155,75.337851,5422,19.900454,75.30391,890,19.982496,75.353124,4.3,Low,Cloudy,4.1,Available,2494,27
1417,33853,19.973775,75.201408,2945,20.022342,75.249454,846,20.053159,75.197662,7.58,Medium,Cloudy,3.8,Available,389,25
1418,32612,19.767388,75.271599,2438,19.726197,75.307552,828,19.781959,75.335936,6.07,High,Sunny,4.9,Available,1501,32
1419,73872,19.888145,75.20185,4791,19.873002,75.212594,964,19.960451,75.187218,2.06,Medium,Rainy,4.4,Busy,2494,18
1420,53953,19.919505,75.42422,5987,19.901791,75.383035,962,19.848809,75.480561,4.98,Low,Sunny,4.4,Available,2015,21
1421,70832,19.927958,75.277408,9863,19.881863,75.301665,799,19.900904,75.312952,5.78,High,Cloudy,4.6,Available,2260,29
1422,72293,19.957378,75.336411,7221,19.994241,75.374685,706,19.948573,75.337637,5.9,Medium,Sunny,3.9,Busy,1515,25
1423,84089,19.881737,75.207058,6383,19.840414,75.222013,715,19.865923,75.217828,4.88,Low,Cloudy,4.3,Available,1060,20
1424,28064,19.866734,75.285535,4522,19.87357,75.240882,878,19.868294,75.264413,5.01,Low,Cloudy,4.8,Busy,108,29
1425,59683,19.873894,75.419102,2035,19.836379,75.418481,975,19.867018,75.340401,4.16,Medium,Rainy,3.7,Available,443,17
1426,98475,19.756247,75.377526,9390,19.79473,75.378916,660,19.769224,75.323596,4.27,Medium,Rainy,4.9,Available,1343,24
1427,31370,19.89335,75.310008,4848,19.882594,75.316481,633,19.852044,75.242633,1.39,Low,Sunny,3.5,Available,139,17
1428,69113,19.953562,75.29981,6496,19.943651,75.290345,692,19.889257,75.375888,1.52,High,Rainy,3.6,Available,1387,19
1429,18752,19.949331,75.284861,2375,19.9117,75.29943,941,20.028787,75.242033,4.48,Medium,Sunny,4.9,Available,2046,21
1430,79305,19.8224,75.300872,3479,19.796631,75.339948,884,19.888729,75.287891,5.2,High,Rainy,3.3,Available,1775,32
1431,42401,19.913407,75.278626,9316,19.875347,75.259641,811,19.902894,75.239492,4.72,Medium,Rainy,3.0,Available,1816,27
1432,33765,19.833158,75.384487,5275,19.857282,75.395193,918,19.799793,75.452512,2.93,High,Rainy,3.1,Available,629,20
1433,39052,19.914535,75.224121,1062,19.871516,75.190146,627,19.902886,75.161749,6.08,Medium,Rainy,3.0,Available,1501,21
1434,50779,19.914413,75.233172,8078,19.938209,75.268678,653,19.93865,75.160168,4.74,High,Cloudy,3.1,Available,2258,33
1435,62545,19.955153,75.292065,5568,19.977589,75.25034,550,19.969729,75.289168,5.26,Low,Sunny,3.6,Available,894,21
1436,33807,19.915349,75.322523,7795,19.940456,75.324053,701,19.849187,75.360182,2.79,Medium,Rainy,3.7,Available,517,18
1437,89687,19.879127,75.334458,5370,19.855602,75.367967,993,19.890767,75.279341,4.54,High,Rainy,3.4,Available,2448,24
1438,80400,19.859531,75.240535,5234,19.819865,75.217461,848,19.870642,75.312024,5.09,Medium,Sunny,4.0,Busy,360,35
1439,72099,19.870712,75.271142,5295,19.901656,75.239752,884,19.837074,75.220574,4.89,Medium,Sunny,4.3,Available,906,24
1440,97156,19.833175,75.268943,9280,19.881238,75.306021,606,19.803843,75.23778,6.74,Low,Cloudy,4.0,Available,2196,34
1441,85690,19.941713,75.346005,3959,19.90633,75.32572,679,19.938891,75.376593,4.53,High,Sunny,4.1,Available,326,25
1442,42924,19.837554,75.350274,7998,19.850474,75.347919,525,19.777535,75.297554,1.46,Medium,Cloudy,4.7,Available,217,14
1443,72309,19.910056,75.334313,6768,19.861914,75.379669,808,19.965227,75.296,7.34,High,Sunny,4.0,Busy,1529,20
1444,84398,19.975788,75.436129,4111,19.942782,75.483328,654,20.047074,75.415907,6.39,Low,Rainy,4.4,Available,1537,23
1445,42337,19.857321,75.284179,3061,19.869236,75.331964,555,19.845616,75.266857,5.47,High,Rainy,3.2,Available,889,14
1446,49884,19.849029,75.314324,2659,19.848992,75.330255,864,19.843582,75.344113,1.77,Medium,Rainy,4.7,Available,973,16
1447,94170,19.903164,75.324632,9333,19.899943,75.324373,843,19.893088,75.307495,0.36,High,Sunny,4.1,Available,1708,4
1448,50494,19.943109,75.229744,6403,19.904382,75.187766,552,19.998767,75.162657,6.34,Low,Rainy,3.3,Available,1384,20
1449,23823,19.863575,75.277755,9312,19.850433,75.259805,865,19.851758,75.252441,2.47,Low,Sunny,3.6,Available,995,17
1450,67254,19.963196,75.206108,9663,20.012046,75.22711,666,19.966459,75.188432,5.9,High,Rainy,3.6,Available,1155,26
1451,26029,19.754056,75.338176,1014,19.761901,75.330833,817,19.685622,75.401111,1.19,High,Rainy,3.2,Available,2230,20
1452,51284,19.948327,75.285636,4490,19.992978,75.242811,550,19.94612,75.301176,6.87,Low,Sunny,4.5,Available,601,34
1453,55854,19.86304,75.249007,3904,19.912615,75.288723,728,19.829841,75.255578,7.05,High,Rainy,4.6,Busy,361,37
1454,21326,19.955677,75.370104,4463,19.944467,75.386146,527,20.025528,75.320153,2.17,Low,Rainy,4.7,Available,1495,9
1455,95950,19.78691,75.327722,6156,19.775692,75.29368,641,19.849078,75.406238,3.98,Medium,Sunny,4.5,Busy,1458,17
1456,18174,19.796726,75.235788,3714,19.779663,75.243687,890,19.813104,75.249831,2.09,Medium,Rainy,4.9,Available,2480,8
1457,66636,19.911715,75.228738,3610,19.870184,75.262821,925,19.900038,75.220956,5.96,Low,Sunny,4.2,Available,1778,26
1458,95330,19.968492,75.378503,3981,19.928807,75.344657,997,19.968768,75.446483,5.79,High,Rainy,4.7,Available,462,26
1459,66310,19.90197,75.210792,2634,19.932046,75.243732,512,19.964907,75.160566,4.95,Low,Cloudy,4.8,Available,729,19
1460,64470,19.770158,75.308001,6000,19.752245,75.328657,535,19.829397,75.353565,3.03,High,Rainy,3.2,Available,1379,19
1461,98961,19.850822,75.243513,2955,19.818303,75.256124,976,19.832761,75.172504,3.87,Medium,Rainy,3.8,Available,1628,27
1462,88780,19.923466,75.259694,1218,19.947227,75.289436,504,19.883019,75.294233,4.23,Low,Cloudy,3.7,Available,1534,20
1463,24099,19.827194,75.252564,5037,19.788208,75.240414,870,19.858013,75.209591,4.53,Low,Cloudy,4.0,Busy,580,24
1464,19946,19.845289,75.325532,4256,19.847497,75.294941,672,19.875607,75.390008,3.4,Low,Cloudy,3.2,Available,1256,15
1465,84667,19.82054,75.414491,4709,19.83098,75.381355,614,19.807982,75.483008,3.86,Medium,Sunny,3.1,Available,1332,21
1466,62062,19.903805,75.382056,3017,19.948629,75.374517,627,19.878616,75.411472,5.05,Low,Sunny,3.2,Available,1528,30
1467,76896,19.760767,75.275925,7805,19.755099,75.243151,652,19.797567,75.225447,3.69,Low,Rainy,4.3,Available,2292,27
1468,78743,19.84533,75.208216,6564,19.808921,75.190194,852,19.820048,75.27215,4.51,High,Rainy,3.4,Available,931,30
1469,83180,19.825094,75.368241,2110,19.828175,75.356783,709,19.768948,75.291783,1.32,Low,Rainy,3.2,Available,1509,8
1470,15736,19.883315,75.25894,5993,19.922783,75.213466,847,19.835606,75.299268,6.68,Medium,Cloudy,3.6,Available,405,30
1471,42021,19.954882,75.276207,4367,19.970031,75.300238,538,20.001061,75.355369,3.15,Low,Rainy,4.9,Available,812,22
1472,46241,19.776636,75.437486,2198,19.760511,75.458808,811,19.788047,75.374688,2.97,High,Cloudy,4.3,Busy,601,14
1473,53831,19.863465,75.241309,8428,19.854934,75.269938,886,19.849522,75.272754,3.32,Low,Sunny,3.5,Available,946,12
1474,24876,19.834964,75.341092,3524,19.879371,75.385877,842,19.76618,75.359435,7.0,Medium,Rainy,4.3,Available,1270,30
1475,64840,19.755136,75.395533,4264,19.768726,75.39507,512,19.771558,75.424053,1.51,Medium,Cloudy,4.5,Available,897,18
1476,63639,19.911431,75.341732,8690,19.920225,75.32483,881,19.905365,75.274231,2.11,High,Cloudy,4.4,Busy,2290,15
1477,34227,19.871507,75.353995,1574,19.915719,75.399108,592,19.924491,75.304642,7.01,Low,Cloudy,4.0,Busy,1561,27
1478,44902,19.951824,75.449806,5454,19.986796,75.465497,682,20.007045,75.383031,4.25,Medium,Cloudy,3.4,Available,1590,19
1479,97521,19.806016,75.296696,2388,19.853344,75.332914,652,19.728509,75.373464,6.62,Medium,Sunny,4.4,Available,1811,32
1480,58556,19.870875,75.33867,9428,19.860509,75.335059,532,19.82421,75.355893,1.22,Medium,Rainy,3.9,Busy,1069,14
1481,13345,19.758348,75.256143,8214,19.798902,75.260594,502,19.74817,75.242622,4.53,Low,Cloudy,4.7,Available,1421,27
1482,52668,19.871921,75.206475,7500,19.870047,75.178995,970,19.858061,75.263503,3.06,Medium,Cloudy,4.6,Busy,1270,14
1483,99547,19.949573,75.271037,8042,19.977874,75.288136,698,19.96526,75.22178,3.67,High,Sunny,3.1,Available,783,17
1484,56705,19.93052,75.444068,3582,19.904504,75.480302,857,19.950012,75.494835,4.95,Low,Cloudy,4.6,Available,991,29
1485,30191,19.942626,75.414584,1500,19.929829,75.395322,722,19.986396,75.475146,2.57,Low,Rainy,3.8,Available,1389,10
1486,77966,19.839001,75.408424,6669,19.827162,75.440839,904,19.812332,75.398845,3.83,Low,Sunny,3.1,Busy,1160,24
1487,42286,19.949125,75.330565,6309,19.991851,75.287039,645,19.887241,75.346051,6.77,Low,Rainy,3.9,Available,1095,33
1488,73564,19.782658,75.413954,1829,19.743575,75.429377,573,19.799778,75.409598,4.66,Low,Sunny,3.8,Busy,736,29
1489,48938,19.955564,75.264033,3623,19.947615,75.297493,559,19.998925,75.31426,3.82,Medium,Rainy,4.3,Busy,606,27
1490,65902,19.869673,75.447059,4050,19.901197,75.486806,947,19.889059,75.44409,5.63,High,Cloudy,3.9,Busy,855,27
1491,75681,19.814155,75.437283,6116,19.800083,75.387643,738,19.859224,75.469167,5.73,High,Sunny,5.0,Available,1559,36
1492,35618,19.831907,75.272684,6498,19.814718,75.266584,659,19.893765,75.310133,2.02,Medium,Sunny,3.9,Available,1336,16
1493,99276,19.839279,75.340955,7786,19.809753,75.382541,846,19.906986,75.284326,5.66,High,Rainy,4.1,Available,2148,27
1494,89852,19.94704,75.315095,7087,19.97969,75.307406,873,19.907409,75.392441,3.72,High,Sunny,3.6,Busy,727,17
1495,24890,19.965237,75.327949,7886,19.915489,75.315455,557,19.903088,75.314539,5.69,Medium,Sunny,3.7,Available,1536,32
1496,35040,19.880165,75.275132,4166,19.859678,75.261246,633,19.899796,75.232062,2.75,Medium,Rainy,4.1,Busy,2136,19
1497,19218,19.755246,75.268063,9447,19.791447,75.221724,870,19.74503,75.206874,6.53,High,Sunny,4.0,Available,2141,30
1498,76023,19.961297,75.344101,4081,19.981935,75.335805,711,19.917088,75.37987,2.47,Low,Cloudy,4.2,Available,401,18
1499,48439,19.954954,75.280359,4133,19.945555,75.311199,737,19.970173,75.288025,3.58,High,Cloudy,3.8,Available,1944,14
1500,32975,19.818203,75.408477,4065,19.784786,75.363792,967,19.76886,75.371315,6.19,Medium,Rainy,4.6,Available,163,34
