NewsID,Title,Text,Label
1,Company announces quarterly results,Researchers published their findings after reviewing available evidence and conducting further analysis.,Real
2,Secret information government does not want you to know,An unverified post makes a dramatic claim but provides no reliable evidence or official source.,Fake
3,Scientists publish research findings,Researchers published their findings after reviewing available evidence and conducting further analysis.,Real
4,Hidden truth finally exposed,The viral story says something extraordinary happened and encourages readers to share it with everyone.,Fake
5,New economic report released,Authorities said the public should follow the official guidance and rely on verified information.,Real
6,Experts say unbelievable miracle cure works,"A social media message claims that experts are hiding the truth, although no credible evidence is provided.",Fake
7,Local authorities issue public notice,The report contains information collected from public records and statements from relevant authorities.,Real
8,Hidden truth finally exposed,The claim is spreading online and says that everyone should believe this secret information immediately.,Fake
9,Scientists publish research findings,The report contains information collected from public records and statements from relevant authorities.,Real
10,Local authorities issue public notice,Researchers published their findings after reviewing available evidence and conducting further analysis.,Real
11,Local authorities issue public notice,Officials released the information through an official statement and provided details about the decision.,Real
12,Scientists publish research findings,The organization reported the results and said additional details would be provided in its regular update.,Real
13,New economic report released,Authorities said the public should follow the official guidance and rely on verified information.,Real
14,Amazing discovery changes everything,An unverified post makes a dramatic claim but provides no reliable evidence or official source.,Fake
15,New economic report released,The organization reported the results and said additional details would be provided in its regular update.,Real
16,Local authorities issue public notice,Authorities said the public should follow the official guidance and rely on verified information.,Real
17,Company announces quarterly results,Researchers published their findings after reviewing available evidence and conducting further analysis.,Real
18,Hidden truth finally exposed,An unverified post makes a dramatic claim but provides no reliable evidence or official source.,Fake
19,Experts say unbelievable miracle cure works,An unverified post makes a dramatic claim but provides no reliable evidence or official source.,Fake
20,Secret information government does not want you to know,An unverified post makes a dramatic claim but provides no reliable evidence or official source.,Fake
21,Experts say unbelievable miracle cure works,An unverified post makes a dramatic claim but provides no reliable evidence or official source.,Fake
22,Amazing discovery changes everything,"A social media message claims that experts are hiding the truth, although no credible evidence is provided.",Fake
23,Health officials release advisory,The organization reported the results and said additional details would be provided in its regular update.,Real
24,New economic report released,The organization reported the results and said additional details would be provided in its regular update.,Real
25,Shocking secret revealed to the public,"A social media message claims that experts are hiding the truth, although no credible evidence is provided.",Fake
26,Secret information government does not want you to know,The claim is spreading online and says that everyone should believe this secret information immediately.,Fake
27,Company announces quarterly results,Officials released the information through an official statement and provided details about the decision.,Real
28,Government announces new policy,Officials released the information through an official statement and provided details about the decision.,Real
29,Health officials release advisory,Researchers published their findings after reviewing available evidence and conducting further analysis.,Real
30,Health officials release advisory,Researchers published their findings after reviewing available evidence and conducting further analysis.,Real
31,You will not believe what happened next,The sensational post contains unsupported statements and asks readers to believe the claim without verification.,Fake
32,Experts say unbelievable miracle cure works,The claim is spreading online and says that everyone should believe this secret information immediately.,Fake
33,Shocking secret revealed to the public,"A social media message claims that experts are hiding the truth, although no credible evidence is provided.",Fake
34,Health officials release advisory,The organization reported the results and said additional details would be provided in its regular update.,Real
35,This unbelievable story is spreading rapidly,The viral story says something extraordinary happened and encourages readers to share it with everyone.,Fake
36,You will not believe what happened next,The sensational post contains unsupported statements and asks readers to believe the claim without verification.,Fake
37,You will not believe what happened next,The claim is spreading online and says that everyone should believe this secret information immediately.,Fake
38,Viral claim sparks controversy online,The viral story says something extraordinary happened and encourages readers to share it with everyone.,Fake
39,Viral claim sparks controversy online,An unverified post makes a dramatic claim but provides no reliable evidence or official source.,Fake
40,Company announces quarterly results,Researchers published their findings after reviewing available evidence and conducting further analysis.,Real
41,New education guidelines announced,Officials released the information through an official statement and provided details about the decision.,Real
42,Health officials release advisory,Authorities said the public should follow the official guidance and rely on verified information.,Real
43,Viral claim sparks controversy online,The sensational post contains unsupported statements and asks readers to believe the claim without verification.,Fake
44,Secret information government does not want you to know,"A social media message claims that experts are hiding the truth, although no credible evidence is provided.",Fake
45,Viral claim sparks controversy online,The viral story says something extraordinary happened and encourages readers to share it with everyone.,Fake
46,Hidden truth finally exposed,An unverified post makes a dramatic claim but provides no reliable evidence or official source.,Fake
47,Amazing discovery changes everything,The claim is spreading online and says that everyone should believe this secret information immediately.,Fake
48,Local authorities issue public notice,Authorities said the public should follow the official guidance and rely on verified information.,Real
49,Local authorities issue public notice,Researchers published their findings after reviewing available evidence and conducting further analysis.,Real
50,New education guidelines announced,Authorities said the public should follow the official guidance and rely on verified information.,Real
51,Weather department releases forecast,Officials released the information through an official statement and provided details about the decision.,Real
52,Scientists publish research findings,Officials released the information through an official statement and provided details about the decision.,Real
53,Shocking secret revealed to the public,The viral story says something extraordinary happened and encourages readers to share it with everyone.,Fake
54,Health officials release advisory,Researchers published their findings after reviewing available evidence and conducting further analysis.,Real
55,Company announces quarterly results,Officials released the information through an official statement and provided details about the decision.,Real
56,Local authorities issue public notice,Researchers published their findings after reviewing available evidence and conducting further analysis.,Real
57,Health officials release advisory,Officials released the information through an official statement and provided details about the decision.,Real
58,Weather department releases forecast,Officials released the information through an official statement and provided details about the decision.,Real
59,Local authorities issue public notice,The report contains information collected from public records and statements from relevant authorities.,Real
60,Secret information government does not want you to know,The claim is spreading online and says that everyone should believe this secret information immediately.,Fake
61,You will not believe what happened next,The claim is spreading online and says that everyone should believe this secret information immediately.,Fake
62,Hidden truth finally exposed,The sensational post contains unsupported statements and asks readers to believe the claim without verification.,Fake
63,Government announces new policy,Researchers published their findings after reviewing available evidence and conducting further analysis.,Real
64,Secret information government does not want you to know,"A social media message claims that experts are hiding the truth, although no credible evidence is provided.",Fake
65,Weather department releases forecast,Authorities said the public should follow the official guidance and rely on verified information.,Real
66,Health officials release advisory,Researchers published their findings after reviewing available evidence and conducting further analysis.,Real
67,Weather department releases forecast,The organization reported the results and said additional details would be provided in its regular update.,Real
68,Amazing discovery changes everything,The viral story says something extraordinary happened and encourages readers to share it with everyone.,Fake
69,This unbelievable story is spreading rapidly,The claim is spreading online and says that everyone should believe this secret information immediately.,Fake
70,Scientists publish research findings,The organization reported the results and said additional details would be provided in its regular update.,Real
71,Hidden truth finally exposed,The viral story says something extraordinary happened and encourages readers to share it with everyone.,Fake
72,New economic report released,Researchers published their findings after reviewing available evidence and conducting further analysis.,Real
73,Hidden truth finally exposed,"A social media message claims that experts are hiding the truth, although no credible evidence is provided.",Fake
74,This unbelievable story is spreading rapidly,An unverified post makes a dramatic claim but provides no reliable evidence or official source.,Fake
75,You will not believe what happened next,"A social media message claims that experts are hiding the truth, although no credible evidence is provided.",Fake
76,Experts say unbelievable miracle cure works,An unverified post makes a dramatic claim but provides no reliable evidence or official source.,Fake
77,Local authorities issue public notice,The report contains information collected from public records and statements from relevant authorities.,Real
78,Hidden truth finally exposed,"A social media message claims that experts are hiding the truth, although no credible evidence is provided.",Fake
79,Government announces new policy,Authorities said the public should follow the official guidance and rely on verified information.,Real
80,This unbelievable story is spreading rapidly,The viral story says something extraordinary happened and encourages readers to share it with everyone.,Fake
81,Government announces new policy,Researchers published their findings after reviewing available evidence and conducting further analysis.,Real
82,This unbelievable story is spreading rapidly,The viral story says something extraordinary happened and encourages readers to share it with everyone.,Fake
83,Amazing discovery changes everything,The claim is spreading online and says that everyone should believe this secret information immediately.,Fake
84,You will not believe what happened next,The claim is spreading online and says that everyone should believe this secret information immediately.,Fake
85,Weather department releases forecast,Authorities said the public should follow the official guidance and rely on verified information.,Real
86,This unbelievable story is spreading rapidly,The claim is spreading online and says that everyone should believe this secret information immediately.,Fake
87,Secret information government does not want you to know,An unverified post makes a dramatic claim but provides no reliable evidence or official source.,Fake
88,New economic report released,The report contains information collected from public records and statements from relevant authorities.,Real
89,This unbelievable story is spreading rapidly,The sensational post contains unsupported statements and asks readers to believe the claim without verification.,Fake
90,Government announces new policy,Authorities said the public should follow the official guidance and rely on verified information.,Real
91,Company announces quarterly results,Authorities said the public should follow the official guidance and rely on verified information.,Real
92,Health officials release advisory,Researchers published their findings after reviewing available evidence and conducting further analysis.,Real
93,Shocking secret revealed to the public,"A social media message claims that experts are hiding the truth, although no credible evidence is provided.",Fake
94,Amazing discovery changes everything,The sensational post contains unsupported statements and asks readers to believe the claim without verification.,Fake
95,Health officials release advisory,Researchers published their findings after reviewing available evidence and conducting further analysis.,Real
96,Company announces quarterly results,Officials released the information through an official statement and provided details about the decision.,Real
97,This unbelievable story is spreading rapidly,The claim is spreading online and says that everyone should believe this secret information immediately.,Fake
98,Company announces quarterly results,Researchers published their findings after reviewing available evidence and conducting further analysis.,Real
99,This unbelievable story is spreading rapidly,The claim is spreading online and says that everyone should believe this secret information immediately.,Fake
100,Local authorities issue public notice,Authorities said the public should follow the official guidance and rely on verified information.,Real
101,Weather department releases forecast,The organization reported the results and said additional details would be provided in its regular update.,Real
102,Hidden truth finally exposed,The claim is spreading online and says that everyone should believe this secret information immediately.,Fake
103,Secret information government does not want you to know,The claim is spreading online and says that everyone should believe this secret information immediately.,Fake
104,Viral claim sparks controversy online,The viral story says something extraordinary happened and encourages readers to share it with everyone.,Fake
105,Hidden truth finally exposed,The sensational post contains unsupported statements and asks readers to believe the claim without verification.,Fake
106,New education guidelines announced,Officials released the information through an official statement and provided details about the decision.,Real
107,Health officials release advisory,The report contains information collected from public records and statements from relevant authorities.,Real
108,Viral claim sparks controversy online,An unverified post makes a dramatic claim but provides no reliable evidence or official source.,Fake
109,Amazing discovery changes everything,An unverified post makes a dramatic claim but provides no reliable evidence or official source.,Fake
110,Amazing discovery changes everything,An unverified post makes a dramatic claim but provides no reliable evidence or official source.,Fake
111,New economic report released,The report contains information collected from public records and statements from relevant authorities.,Real
112,Health officials release advisory,Officials released the information through an official statement and provided details about the decision.,Real
113,Weather department releases forecast,The organization reported the results and said additional details would be provided in its regular update.,Real
114,New economic report released,Researchers published their findings after reviewing available evidence and conducting further analysis.,Real
115,Health officials release advisory,The organization reported the results and said additional details would be provided in its regular update.,Real
116,New education guidelines announced,Officials released the information through an official statement and provided details about the decision.,Real
117,Hidden truth finally exposed,The claim is spreading online and says that everyone should believe this secret information immediately.,Fake
118,Weather department releases forecast,Authorities said the public should follow the official guidance and rely on verified information.,Real
119,Viral claim sparks controversy online,"A social media message claims that experts are hiding the truth, although no credible evidence is provided.",Fake
120,This unbelievable story is spreading rapidly,The viral story says something extraordinary happened and encourages readers to share it with everyone.,Fake
121,New education guidelines announced,The organization reported the results and said additional details would be provided in its regular update.,Real
122,Experts say unbelievable miracle cure works,The claim is spreading online and says that everyone should believe this secret information immediately.,Fake
123,Weather department releases forecast,Researchers published their findings after reviewing available evidence and conducting further analysis.,Real
124,Government announces new policy,The organization reported the results and said additional details would be provided in its regular update.,Real
125,Local authorities issue public notice,The organization reported the results and said additional details would be provided in its regular update.,Real
126,Weather department releases forecast,The organization reported the results and said additional details would be provided in its regular update.,Real
127,Weather department releases forecast,Researchers published their findings after reviewing available evidence and conducting further analysis.,Real
128,Hidden truth finally exposed,The sensational post contains unsupported statements and asks readers to believe the claim without verification.,Fake
129,Experts say unbelievable miracle cure works,The viral story says something extraordinary happened and encourages readers to share it with everyone.,Fake
130,Viral claim sparks controversy online,The viral story says something extraordinary happened and encourages readers to share it with everyone.,Fake
131,New education guidelines announced,The report contains information collected from public records and statements from relevant authorities.,Real
132,Company announces quarterly results,Officials released the information through an official statement and provided details about the decision.,Real
133,Shocking secret revealed to the public,An unverified post makes a dramatic claim but provides no reliable evidence or official source.,Fake
134,Viral claim sparks controversy online,An unverified post makes a dramatic claim but provides no reliable evidence or official source.,Fake
135,Weather department releases forecast,Officials released the information through an official statement and provided details about the decision.,Real
136,Secret information government does not want you to know,The claim is spreading online and says that everyone should believe this secret information immediately.,Fake
137,Viral claim sparks controversy online,The sensational post contains unsupported statements and asks readers to believe the claim without verification.,Fake
138,Viral claim sparks controversy online,The viral story says something extraordinary happened and encourages readers to share it with everyone.,Fake
139,Health officials release advisory,Researchers published their findings after reviewing available evidence and conducting further analysis.,Real
140,Shocking secret revealed to the public,The sensational post contains unsupported statements and asks readers to believe the claim without verification.,Fake
141,Company announces quarterly results,Officials released the information through an official statement and provided details about the decision.,Real
142,Weather department releases forecast,Authorities said the public should follow the official guidance and rely on verified information.,Real
143,Health officials release advisory,The report contains information collected from public records and statements from relevant authorities.,Real
144,Secret information government does not want you to know,"A social media message claims that experts are hiding the truth, although no credible evidence is provided.",Fake
145,Weather department releases forecast,The organization reported the results and said additional details would be provided in its regular update.,Real
146,New economic report released,The organization reported the results and said additional details would be provided in its regular update.,Real
147,Hidden truth finally exposed,An unverified post makes a dramatic claim but provides no reliable evidence or official source.,Fake
148,Experts say unbelievable miracle cure works,The claim is spreading online and says that everyone should believe this secret information immediately.,Fake
149,Secret information government does not want you to know,"A social media message claims that experts are hiding the truth, although no credible evidence is provided.",Fake
150,This unbelievable story is spreading rapidly,An unverified post makes a dramatic claim but provides no reliable evidence or official source.,Fake
151,Health officials release advisory,Researchers published their findings after reviewing available evidence and conducting further analysis.,Real
152,Hidden truth finally exposed,An unverified post makes a dramatic claim but provides no reliable evidence or official source.,Fake
153,Shocking secret revealed to the public,The claim is spreading online and says that everyone should believe this secret information immediately.,Fake
154,You will not believe what happened next,The sensational post contains unsupported statements and asks readers to believe the claim without verification.,Fake
155,Shocking secret revealed to the public,The claim is spreading online and says that everyone should believe this secret information immediately.,Fake
156,You will not believe what happened next,"A social media message claims that experts are hiding the truth, although no credible evidence is provided.",Fake
157,Local authorities issue public notice,The report contains information collected from public records and statements from relevant authorities.,Real
158,New economic report released,Researchers published their findings after reviewing available evidence and conducting further analysis.,Real
159,New economic report released,The organization reported the results and said additional details would be provided in its regular update.,Real
160,Experts say unbelievable miracle cure works,An unverified post makes a dramatic claim but provides no reliable evidence or official source.,Fake
161,New education guidelines announced,Authorities said the public should follow the official guidance and rely on verified information.,Real
162,Experts say unbelievable miracle cure works,The sensational post contains unsupported statements and asks readers to believe the claim without verification.,Fake
163,This unbelievable story is spreading rapidly,"A social media message claims that experts are hiding the truth, although no credible evidence is provided.",Fake
164,Company announces quarterly results,Officials released the information through an official statement and provided details about the decision.,Real
165,Secret information government does not want you to know,The claim is spreading online and says that everyone should believe this secret information immediately.,Fake
166,You will not believe what happened next,The claim is spreading online and says that everyone should believe this secret information immediately.,Fake
167,Hidden truth finally exposed,An unverified post makes a dramatic claim but provides no reliable evidence or official source.,Fake
168,Health officials release advisory,The organization reported the results and said additional details would be provided in its regular update.,Real
169,New education guidelines announced,The organization reported the results and said additional details would be provided in its regular update.,Real
170,You will not believe what happened next,The claim is spreading online and says that everyone should believe this secret information immediately.,Fake
171,Government announces new policy,Authorities said the public should follow the official guidance and rely on verified information.,Real
172,Amazing discovery changes everything,The sensational post contains unsupported statements and asks readers to believe the claim without verification.,Fake
173,Shocking secret revealed to the public,"A social media message claims that experts are hiding the truth, although no credible evidence is provided.",Fake
174,Government announces new policy,Researchers published their findings after reviewing available evidence and conducting further analysis.,Real
175,New education guidelines announced,Authorities said the public should follow the official guidance and rely on verified information.,Real
176,This unbelievable story is spreading rapidly,"A social media message claims that experts are hiding the truth, although no credible evidence is provided.",Fake
177,Viral claim sparks controversy online,The sensational post contains unsupported statements and asks readers to believe the claim without verification.,Fake
178,Local authorities issue public notice,Officials released the information through an official statement and provided details about the decision.,Real
179,Secret information government does not want you to know,"A social media message claims that experts are hiding the truth, although no credible evidence is provided.",Fake
180,This unbelievable story is spreading rapidly,The claim is spreading online and says that everyone should believe this secret information immediately.,Fake
181,Company announces quarterly results,The report contains information collected from public records and statements from relevant authorities.,Real
182,Amazing discovery changes everything,An unverified post makes a dramatic claim but provides no reliable evidence or official source.,Fake
183,New education guidelines announced,The organization reported the results and said additional details would be provided in its regular update.,Real
184,New economic report released,Authorities said the public should follow the official guidance and rely on verified information.,Real
185,Experts say unbelievable miracle cure works,"A social media message claims that experts are hiding the truth, although no credible evidence is provided.",Fake
186,Amazing discovery changes everything,The sensational post contains unsupported statements and asks readers to believe the claim without verification.,Fake
187,Government announces new policy,The report contains information collected from public records and statements from relevant authorities.,Real
188,Experts say unbelievable miracle cure works,The sensational post contains unsupported statements and asks readers to believe the claim without verification.,Fake
189,Amazing discovery changes everything,The viral story says something extraordinary happened and encourages readers to share it with everyone.,Fake
190,Secret information government does not want you to know,The claim is spreading online and says that everyone should believe this secret information immediately.,Fake
191,Shocking secret revealed to the public,The claim is spreading online and says that everyone should believe this secret information immediately.,Fake
192,Hidden truth finally exposed,"A social media message claims that experts are hiding the truth, although no credible evidence is provided.",Fake
193,Company announces quarterly results,Authorities said the public should follow the official guidance and rely on verified information.,Real
194,You will not believe what happened next,An unverified post makes a dramatic claim but provides no reliable evidence or official source.,Fake
195,Viral claim sparks controversy online,The viral story says something extraordinary happened and encourages readers to share it with everyone.,Fake
196,New economic report released,Authorities said the public should follow the official guidance and rely on verified information.,Real
197,Hidden truth finally exposed,"A social media message claims that experts are hiding the truth, although no credible evidence is provided.",Fake
198,Viral claim sparks controversy online,The claim is spreading online and says that everyone should believe this secret information immediately.,Fake
199,You will not believe what happened next,The sensational post contains unsupported statements and asks readers to believe the claim without verification.,Fake
200,Government announces new policy,Authorities said the public should follow the official guidance and rely on verified information.,Real
201,Health officials release advisory,Officials released the information through an official statement and provided details about the decision.,Real
202,Weather department releases forecast,The report contains information collected from public records and statements from relevant authorities.,Real
203,Health officials release advisory,The organization reported the results and said additional details would be provided in its regular update.,Real
204,Company announces quarterly results,The organization reported the results and said additional details would be provided in its regular update.,Real
205,Secret information government does not want you to know,"A social media message claims that experts are hiding the truth, although no credible evidence is provided.",Fake
206,Hidden truth finally exposed,The claim is spreading online and says that everyone should believe this secret information immediately.,Fake
207,Shocking secret revealed to the public,The claim is spreading online and says that everyone should believe this secret information immediately.,Fake
208,Viral claim sparks controversy online,The claim is spreading online and says that everyone should believe this secret information immediately.,Fake
209,Amazing discovery changes everything,The viral story says something extraordinary happened and encourages readers to share it with everyone.,Fake
210,Shocking secret revealed to the public,The viral story says something extraordinary happened and encourages readers to share it with everyone.,Fake
211,Health officials release advisory,Authorities said the public should follow the official guidance and rely on verified information.,Real
212,Company announces quarterly results,The report contains information collected from public records and statements from relevant authorities.,Real
213,New economic report released,The report contains information collected from public records and statements from relevant authorities.,Real
214,Local authorities issue public notice,Authorities said the public should follow the official guidance and rely on verified information.,Real
215,Local authorities issue public notice,Researchers published their findings after reviewing available evidence and conducting further analysis.,Real
216,Shocking secret revealed to the public,The claim is spreading online and says that everyone should believe this secret information immediately.,Fake
217,Local authorities issue public notice,The organization reported the results and said additional details would be provided in its regular update.,Real
218,Secret information government does not want you to know,The sensational post contains unsupported statements and asks readers to believe the claim without verification.,Fake
219,Secret information government does not want you to know,An unverified post makes a dramatic claim but provides no reliable evidence or official source.,Fake
220,Company announces quarterly results,Officials released the information through an official statement and provided details about the decision.,Real
221,Health officials release advisory,The report contains information collected from public records and statements from relevant authorities.,Real
222,Secret information government does not want you to know,The claim is spreading online and says that everyone should believe this secret information immediately.,Fake
223,Experts say unbelievable miracle cure works,The claim is spreading online and says that everyone should believe this secret information immediately.,Fake
224,New economic report released,Officials released the information through an official statement and provided details about the decision.,Real
225,You will not believe what happened next,The claim is spreading online and says that everyone should believe this secret information immediately.,Fake
226,Experts say unbelievable miracle cure works,The claim is spreading online and says that everyone should believe this secret information immediately.,Fake
227,Government announces new policy,The organization reported the results and said additional details would be provided in its regular update.,Real
228,Weather department releases forecast,Authorities said the public should follow the official guidance and rely on verified information.,Real
229,Viral claim sparks controversy online,The sensational post contains unsupported statements and asks readers to believe the claim without verification.,Fake
230,Secret information government does not want you to know,The sensational post contains unsupported statements and asks readers to believe the claim without verification.,Fake
231,Experts say unbelievable miracle cure works,An unverified post makes a dramatic claim but provides no reliable evidence or official source.,Fake
232,Company announces quarterly results,Officials released the information through an official statement and provided details about the decision.,Real
233,Scientists publish research findings,The organization reported the results and said additional details would be provided in its regular update.,Real
234,Amazing discovery changes everything,The claim is spreading online and says that everyone should believe this secret information immediately.,Fake
235,This unbelievable story is spreading rapidly,An unverified post makes a dramatic claim but provides no reliable evidence or official source.,Fake
236,Health officials release advisory,The report contains information collected from public records and statements from relevant authorities.,Real
237,Weather department releases forecast,Researchers published their findings after reviewing available evidence and conducting further analysis.,Real
238,Hidden truth finally exposed,The claim is spreading online and says that everyone should believe this secret information immediately.,Fake
239,Secret information government does not want you to know,The viral story says something extraordinary happened and encourages readers to share it with everyone.,Fake
240,Health officials release advisory,The organization reported the results and said additional details would be provided in its regular update.,Real
241,Experts say unbelievable miracle cure works,The viral story says something extraordinary happened and encourages readers to share it with everyone.,Fake
242,Weather department releases forecast,Authorities said the public should follow the official guidance and rely on verified information.,Real
243,Experts say unbelievable miracle cure works,An unverified post makes a dramatic claim but provides no reliable evidence or official source.,Fake
244,Viral claim sparks controversy online,The viral story says something extraordinary happened and encourages readers to share it with everyone.,Fake
245,New economic report released,Authorities said the public should follow the official guidance and rely on verified information.,Real
246,Shocking secret revealed to the public,"A social media message claims that experts are hiding the truth, although no credible evidence is provided.",Fake
247,New economic report released,Researchers published their findings after reviewing available evidence and conducting further analysis.,Real
248,Secret information government does not want you to know,"A social media message claims that experts are hiding the truth, although no credible evidence is provided.",Fake
249,Government announces new policy,The report contains information collected from public records and statements from relevant authorities.,Real
250,Hidden truth finally exposed,The sensational post contains unsupported statements and asks readers to believe the claim without verification.,Fake
251,Secret information government does not want you to know,An unverified post makes a dramatic claim but provides no reliable evidence or official source.,Fake
252,Scientists publish research findings,Researchers published their findings after reviewing available evidence and conducting further analysis.,Real
253,Scientists publish research findings,Officials released the information through an official statement and provided details about the decision.,Real
254,Health officials release advisory,Researchers published their findings after reviewing available evidence and conducting further analysis.,Real
255,Health officials release advisory,Authorities said the public should follow the official guidance and rely on verified information.,Real
256,Health officials release advisory,Officials released the information through an official statement and provided details about the decision.,Real
257,You will not believe what happened next,The viral story says something extraordinary happened and encourages readers to share it with everyone.,Fake
258,Experts say unbelievable miracle cure works,The sensational post contains unsupported statements and asks readers to believe the claim without verification.,Fake
259,Scientists publish research findings,The organization reported the results and said additional details would be provided in its regular update.,Real
260,Local authorities issue public notice,The report contains information collected from public records and statements from relevant authorities.,Real
261,Company announces quarterly results,Officials released the information through an official statement and provided details about the decision.,Real
262,Hidden truth finally exposed,An unverified post makes a dramatic claim but provides no reliable evidence or official source.,Fake
263,Shocking secret revealed to the public,An unverified post makes a dramatic claim but provides no reliable evidence or official source.,Fake
264,Shocking secret revealed to the public,An unverified post makes a dramatic claim but provides no reliable evidence or official source.,Fake
265,Shocking secret revealed to the public,The viral story says something extraordinary happened and encourages readers to share it with everyone.,Fake
266,Secret information government does not want you to know,The claim is spreading online and says that everyone should believe this secret information immediately.,Fake
267,Government announces new policy,Officials released the information through an official statement and provided details about the decision.,Real
268,Hidden truth finally exposed,An unverified post makes a dramatic claim but provides no reliable evidence or official source.,Fake
269,Amazing discovery changes everything,An unverified post makes a dramatic claim but provides no reliable evidence or official source.,Fake
270,Amazing discovery changes everything,The viral story says something extraordinary happened and encourages readers to share it with everyone.,Fake
271,New education guidelines announced,Researchers published their findings after reviewing available evidence and conducting further analysis.,Real
272,Amazing discovery changes everything,The viral story says something extraordinary happened and encourages readers to share it with everyone.,Fake
273,Secret information government does not want you to know,An unverified post makes a dramatic claim but provides no reliable evidence or official source.,Fake
274,Scientists publish research findings,Researchers published their findings after reviewing available evidence and conducting further analysis.,Real
275,Government announces new policy,The organization reported the results and said additional details would be provided in its regular update.,Real
276,New education guidelines announced,Officials released the information through an official statement and provided details about the decision.,Real
277,Amazing discovery changes everything,An unverified post makes a dramatic claim but provides no reliable evidence or official source.,Fake
278,Shocking secret revealed to the public,The claim is spreading online and says that everyone should believe this secret information immediately.,Fake
279,Government announces new policy,Authorities said the public should follow the official guidance and rely on verified information.,Real
280,Government announces new policy,The organization reported the results and said additional details would be provided in its regular update.,Real
281,Local authorities issue public notice,The report contains information collected from public records and statements from relevant authorities.,Real
282,This unbelievable story is spreading rapidly,The claim is spreading online and says that everyone should believe this secret information immediately.,Fake
283,Experts say unbelievable miracle cure works,The claim is spreading online and says that everyone should believe this secret information immediately.,Fake
284,Local authorities issue public notice,The report contains information collected from public records and statements from relevant authorities.,Real
285,You will not believe what happened next,The viral story says something extraordinary happened and encourages readers to share it with everyone.,Fake
286,Secret information government does not want you to know,The claim is spreading online and says that everyone should believe this secret information immediately.,Fake
287,Weather department releases forecast,The organization reported the results and said additional details would be provided in its regular update.,Real
288,New education guidelines announced,Authorities said the public should follow the official guidance and rely on verified information.,Real
289,Amazing discovery changes everything,The claim is spreading online and says that everyone should believe this secret information immediately.,Fake
290,Scientists publish research findings,The organization reported the results and said additional details would be provided in its regular update.,Real
291,Viral claim sparks controversy online,An unverified post makes a dramatic claim but provides no reliable evidence or official source.,Fake
292,You will not believe what happened next,"A social media message claims that experts are hiding the truth, although no credible evidence is provided.",Fake
293,Weather department releases forecast,Officials released the information through an official statement and provided details about the decision.,Real
294,Weather department releases forecast,Researchers published their findings after reviewing available evidence and conducting further analysis.,Real
295,Experts say unbelievable miracle cure works,The viral story says something extraordinary happened and encourages readers to share it with everyone.,Fake
296,You will not believe what happened next,The sensational post contains unsupported statements and asks readers to believe the claim without verification.,Fake
297,Amazing discovery changes everything,An unverified post makes a dramatic claim but provides no reliable evidence or official source.,Fake
298,Scientists publish research findings,Authorities said the public should follow the official guidance and rely on verified information.,Real
299,Shocking secret revealed to the public,"A social media message claims that experts are hiding the truth, although no credible evidence is provided.",Fake
300,New economic report released,The organization reported the results and said additional details would be provided in its regular update.,Real
301,Viral claim sparks controversy online,"A social media message claims that experts are hiding the truth, although no credible evidence is provided.",Fake
302,Scientists publish research findings,Officials released the information through an official statement and provided details about the decision.,Real
303,Health officials release advisory,The report contains information collected from public records and statements from relevant authorities.,Real
304,Experts say unbelievable miracle cure works,"A social media message claims that experts are hiding the truth, although no credible evidence is provided.",Fake
305,Health officials release advisory,The report contains information collected from public records and statements from relevant authorities.,Real
306,New education guidelines announced,The organization reported the results and said additional details would be provided in its regular update.,Real
307,Government announces new policy,Researchers published their findings after reviewing available evidence and conducting further analysis.,Real
308,Weather department releases forecast,Researchers published their findings after reviewing available evidence and conducting further analysis.,Real
309,Government announces new policy,The organization reported the results and said additional details would be provided in its regular update.,Real
310,Hidden truth finally exposed,An unverified post makes a dramatic claim but provides no reliable evidence or official source.,Fake
311,Health officials release advisory,Researchers published their findings after reviewing available evidence and conducting further analysis.,Real
312,Hidden truth finally exposed,The viral story says something extraordinary happened and encourages readers to share it with everyone.,Fake
313,Health officials release advisory,Authorities said the public should follow the official guidance and rely on verified information.,Real
314,This unbelievable story is spreading rapidly,The viral story says something extraordinary happened and encourages readers to share it with everyone.,Fake
315,Amazing discovery changes everything,"A social media message claims that experts are hiding the truth, although no credible evidence is provided.",Fake
316,Company announces quarterly results,The organization reported the results and said additional details would be provided in its regular update.,Real
317,You will not believe what happened next,An unverified post makes a dramatic claim but provides no reliable evidence or official source.,Fake
318,Shocking secret revealed to the public,The sensational post contains unsupported statements and asks readers to believe the claim without verification.,Fake
319,Experts say unbelievable miracle cure works,The viral story says something extraordinary happened and encourages readers to share it with everyone.,Fake
320,Shocking secret revealed to the public,The claim is spreading online and says that everyone should believe this secret information immediately.,Fake
321,Government announces new policy,The report contains information collected from public records and statements from relevant authorities.,Real
322,This unbelievable story is spreading rapidly,The viral story says something extraordinary happened and encourages readers to share it with everyone.,Fake
323,Amazing discovery changes everything,The viral story says something extraordinary happened and encourages readers to share it with everyone.,Fake
324,This unbelievable story is spreading rapidly,An unverified post makes a dramatic claim but provides no reliable evidence or official source.,Fake
325,New education guidelines announced,The organization reported the results and said additional details would be provided in its regular update.,Real
326,Weather department releases forecast,Researchers published their findings after reviewing available evidence and conducting further analysis.,Real
327,Amazing discovery changes everything,The claim is spreading online and says that everyone should believe this secret information immediately.,Fake
328,Company announces quarterly results,Researchers published their findings after reviewing available evidence and conducting further analysis.,Real
329,Amazing discovery changes everything,"A social media message claims that experts are hiding the truth, although no credible evidence is provided.",Fake
330,Experts say unbelievable miracle cure works,The sensational post contains unsupported statements and asks readers to believe the claim without verification.,Fake
331,Shocking secret revealed to the public,The sensational post contains unsupported statements and asks readers to believe the claim without verification.,Fake
332,Local authorities issue public notice,The organization reported the results and said additional details would be provided in its regular update.,Real
333,Health officials release advisory,The organization reported the results and said additional details would be provided in its regular update.,Real
334,Secret information government does not want you to know,"A social media message claims that experts are hiding the truth, although no credible evidence is provided.",Fake
335,Experts say unbelievable miracle cure works,The viral story says something extraordinary happened and encourages readers to share it with everyone.,Fake
336,You will not believe what happened next,"A social media message claims that experts are hiding the truth, although no credible evidence is provided.",Fake
337,You will not believe what happened next,The viral story says something extraordinary happened and encourages readers to share it with everyone.,Fake
338,Scientists publish research findings,The report contains information collected from public records and statements from relevant authorities.,Real
339,Weather department releases forecast,The report contains information collected from public records and statements from relevant authorities.,Real
340,Hidden truth finally exposed,An unverified post makes a dramatic claim but provides no reliable evidence or official source.,Fake
341,Amazing discovery changes everything,An unverified post makes a dramatic claim but provides no reliable evidence or official source.,Fake
342,Viral claim sparks controversy online,"A social media message claims that experts are hiding the truth, although no credible evidence is provided.",Fake
343,Hidden truth finally exposed,"A social media message claims that experts are hiding the truth, although no credible evidence is provided.",Fake
344,Secret information government does not want you to know,The sensational post contains unsupported statements and asks readers to believe the claim without verification.,Fake
345,Experts say unbelievable miracle cure works,The claim is spreading online and says that everyone should believe this secret information immediately.,Fake
346,Experts say unbelievable miracle cure works,The claim is spreading online and says that everyone should believe this secret information immediately.,Fake
347,Company announces quarterly results,Officials released the information through an official statement and provided details about the decision.,Real
348,Viral claim sparks controversy online,The claim is spreading online and says that everyone should believe this secret information immediately.,Fake
349,Company announces quarterly results,The report contains information collected from public records and statements from relevant authorities.,Real
350,Amazing discovery changes everything,The claim is spreading online and says that everyone should believe this secret information immediately.,Fake
351,Weather department releases forecast,Researchers published their findings after reviewing available evidence and conducting further analysis.,Real
352,Secret information government does not want you to know,The claim is spreading online and says that everyone should believe this secret information immediately.,Fake
353,Experts say unbelievable miracle cure works,"A social media message claims that experts are hiding the truth, although no credible evidence is provided.",Fake
354,Experts say unbelievable miracle cure works,The claim is spreading online and says that everyone should believe this secret information immediately.,Fake
355,Local authorities issue public notice,Officials released the information through an official statement and provided details about the decision.,Real
356,Amazing discovery changes everything,An unverified post makes a dramatic claim but provides no reliable evidence or official source.,Fake
357,Scientists publish research findings,The report contains information collected from public records and statements from relevant authorities.,Real
358,This unbelievable story is spreading rapidly,The viral story says something extraordinary happened and encourages readers to share it with everyone.,Fake
359,Scientists publish research findings,Researchers published their findings after reviewing available evidence and conducting further analysis.,Real
360,Government announces new policy,Authorities said the public should follow the official guidance and rely on verified information.,Real
361,Health officials release advisory,Officials released the information through an official statement and provided details about the decision.,Real
362,New education guidelines announced,Researchers published their findings after reviewing available evidence and conducting further analysis.,Real
363,Hidden truth finally exposed,An unverified post makes a dramatic claim but provides no reliable evidence or official source.,Fake
364,Viral claim sparks controversy online,The claim is spreading online and says that everyone should believe this secret information immediately.,Fake
365,Shocking secret revealed to the public,"A social media message claims that experts are hiding the truth, although no credible evidence is provided.",Fake
366,Local authorities issue public notice,The organization reported the results and said additional details would be provided in its regular update.,Real
367,New education guidelines announced,Officials released the information through an official statement and provided details about the decision.,Real
368,Weather department releases forecast,Researchers published their findings after reviewing available evidence and conducting further analysis.,Real
369,Scientists publish research findings,The organization reported the results and said additional details would be provided in its regular update.,Real
370,Secret information government does not want you to know,The viral story says something extraordinary happened and encourages readers to share it with everyone.,Fake
371,Weather department releases forecast,Researchers published their findings after reviewing available evidence and conducting further analysis.,Real
372,New economic report released,Authorities said the public should follow the official guidance and rely on verified information.,Real
373,Weather department releases forecast,Researchers published their findings after reviewing available evidence and conducting further analysis.,Real
374,Government announces new policy,The organization reported the results and said additional details would be provided in its regular update.,Real
375,Scientists publish research findings,The report contains information collected from public records and statements from relevant authorities.,Real
376,Weather department releases forecast,The report contains information collected from public records and statements from relevant authorities.,Real
377,New education guidelines announced,Authorities said the public should follow the official guidance and rely on verified information.,Real
378,Viral claim sparks controversy online,The sensational post contains unsupported statements and asks readers to believe the claim without verification.,Fake
379,Government announces new policy,Researchers published their findings after reviewing available evidence and conducting further analysis.,Real
380,Scientists publish research findings,The organization reported the results and said additional details would be provided in its regular update.,Real
381,Shocking secret revealed to the public,The sensational post contains unsupported statements and asks readers to believe the claim without verification.,Fake
382,Government announces new policy,Authorities said the public should follow the official guidance and rely on verified information.,Real
383,New economic report released,Researchers published their findings after reviewing available evidence and conducting further analysis.,Real
384,Weather department releases forecast,Researchers published their findings after reviewing available evidence and conducting further analysis.,Real
385,Hidden truth finally exposed,The sensational post contains unsupported statements and asks readers to believe the claim without verification.,Fake
386,Weather department releases forecast,The report contains information collected from public records and statements from relevant authorities.,Real
387,New education guidelines announced,Officials released the information through an official statement and provided details about the decision.,Real
388,Scientists publish research findings,The organization reported the results and said additional details would be provided in its regular update.,Real
389,Secret information government does not want you to know,"A social media message claims that experts are hiding the truth, although no credible evidence is provided.",Fake
390,Shocking secret revealed to the public,The sensational post contains unsupported statements and asks readers to believe the claim without verification.,Fake
391,New economic report released,The report contains information collected from public records and statements from relevant authorities.,Real
392,New education guidelines announced,Authorities said the public should follow the official guidance and rely on verified information.,Real
393,Secret information government does not want you to know,The claim is spreading online and says that everyone should believe this secret information immediately.,Fake
394,Local authorities issue public notice,Researchers published their findings after reviewing available evidence and conducting further analysis.,Real
395,Amazing discovery changes everything,"A social media message claims that experts are hiding the truth, although no credible evidence is provided.",Fake
396,New economic report released,Researchers published their findings after reviewing available evidence and conducting further analysis.,Real
397,This unbelievable story is spreading rapidly,The claim is spreading online and says that everyone should believe this secret information immediately.,Fake
398,Government announces new policy,Officials released the information through an official statement and provided details about the decision.,Real
399,Secret information government does not want you to know,The claim is spreading online and says that everyone should believe this secret information immediately.,Fake
400,Weather department releases forecast,Researchers published their findings after reviewing available evidence and conducting further analysis.,Real
401,New economic report released,The report contains information collected from public records and statements from relevant authorities.,Real
402,Experts say unbelievable miracle cure works,The sensational post contains unsupported statements and asks readers to believe the claim without verification.,Fake
403,New economic report released,The organization reported the results and said additional details would be provided in its regular update.,Real
404,Shocking secret revealed to the public,An unverified post makes a dramatic claim but provides no reliable evidence or official source.,Fake
405,Shocking secret revealed to the public,An unverified post makes a dramatic claim but provides no reliable evidence or official source.,Fake
406,Secret information government does not want you to know,An unverified post makes a dramatic claim but provides no reliable evidence or official source.,Fake
407,Scientists publish research findings,Officials released the information through an official statement and provided details about the decision.,Real
408,Scientists publish research findings,The report contains information collected from public records and statements from relevant authorities.,Real
409,Shocking secret revealed to the public,The sensational post contains unsupported statements and asks readers to believe the claim without verification.,Fake
410,Company announces quarterly results,Officials released the information through an official statement and provided details about the decision.,Real
411,Local authorities issue public notice,The report contains information collected from public records and statements from relevant authorities.,Real
412,New economic report released,Authorities said the public should follow the official guidance and rely on verified information.,Real
413,Shocking secret revealed to the public,The viral story says something extraordinary happened and encourages readers to share it with everyone.,Fake
414,Scientists publish research findings,The report contains information collected from public records and statements from relevant authorities.,Real
415,Scientists publish research findings,Researchers published their findings after reviewing available evidence and conducting further analysis.,Real
416,Government announces new policy,Researchers published their findings after reviewing available evidence and conducting further analysis.,Real
417,Scientists publish research findings,The report contains information collected from public records and statements from relevant authorities.,Real
418,Health officials release advisory,The organization reported the results and said additional details would be provided in its regular update.,Real
419,New economic report released,Authorities said the public should follow the official guidance and rely on verified information.,Real
420,You will not believe what happened next,The viral story says something extraordinary happened and encourages readers to share it with everyone.,Fake
421,Shocking secret revealed to the public,The viral story says something extraordinary happened and encourages readers to share it with everyone.,Fake
422,Experts say unbelievable miracle cure works,The claim is spreading online and says that everyone should believe this secret information immediately.,Fake
423,Secret information government does not want you to know,The claim is spreading online and says that everyone should believe this secret information immediately.,Fake
424,Government announces new policy,Officials released the information through an official statement and provided details about the decision.,Real
425,Scientists publish research findings,The report contains information collected from public records and statements from relevant authorities.,Real
426,Scientists publish research findings,Researchers published their findings after reviewing available evidence and conducting further analysis.,Real
427,Local authorities issue public notice,Authorities said the public should follow the official guidance and rely on verified information.,Real
428,Amazing discovery changes everything,An unverified post makes a dramatic claim but provides no reliable evidence or official source.,Fake
429,Company announces quarterly results,Authorities said the public should follow the official guidance and rely on verified information.,Real
430,Shocking secret revealed to the public,The sensational post contains unsupported statements and asks readers to believe the claim without verification.,Fake
431,Shocking secret revealed to the public,The claim is spreading online and says that everyone should believe this secret information immediately.,Fake
432,Weather department releases forecast,Researchers published their findings after reviewing available evidence and conducting further analysis.,Real
433,Secret information government does not want you to know,The claim is spreading online and says that everyone should believe this secret information immediately.,Fake
434,Amazing discovery changes everything,The claim is spreading online and says that everyone should believe this secret information immediately.,Fake
435,Hidden truth finally exposed,The viral story says something extraordinary happened and encourages readers to share it with everyone.,Fake
436,Secret information government does not want you to know,An unverified post makes a dramatic claim but provides no reliable evidence or official source.,Fake
437,New economic report released,Officials released the information through an official statement and provided details about the decision.,Real
438,Company announces quarterly results,The report contains information collected from public records and statements from relevant authorities.,Real
439,New education guidelines announced,The organization reported the results and said additional details would be provided in its regular update.,Real
440,You will not believe what happened next,An unverified post makes a dramatic claim but provides no reliable evidence or official source.,Fake
441,Company announces quarterly results,The report contains information collected from public records and statements from relevant authorities.,Real
442,Hidden truth finally exposed,The viral story says something extraordinary happened and encourages readers to share it with everyone.,Fake
443,New economic report released,Officials released the information through an official statement and provided details about the decision.,Real
444,This unbelievable story is spreading rapidly,The viral story says something extraordinary happened and encourages readers to share it with everyone.,Fake
445,Secret information government does not want you to know,An unverified post makes a dramatic claim but provides no reliable evidence or official source.,Fake
446,You will not believe what happened next,An unverified post makes a dramatic claim but provides no reliable evidence or official source.,Fake
447,Hidden truth finally exposed,The claim is spreading online and says that everyone should believe this secret information immediately.,Fake
448,Amazing discovery changes everything,The claim is spreading online and says that everyone should believe this secret information immediately.,Fake
449,Shocking secret revealed to the public,The sensational post contains unsupported statements and asks readers to believe the claim without verification.,Fake
450,Amazing discovery changes everything,An unverified post makes a dramatic claim but provides no reliable evidence or official source.,Fake
451,New economic report released,The report contains information collected from public records and statements from relevant authorities.,Real
452,New education guidelines announced,The organization reported the results and said additional details would be provided in its regular update.,Real
453,This unbelievable story is spreading rapidly,The viral story says something extraordinary happened and encourages readers to share it with everyone.,Fake
454,Weather department releases forecast,Authorities said the public should follow the official guidance and rely on verified information.,Real
455,Government announces new policy,The organization reported the results and said additional details would be provided in its regular update.,Real
456,Local authorities issue public notice,Officials released the information through an official statement and provided details about the decision.,Real
457,Hidden truth finally exposed,The claim is spreading online and says that everyone should believe this secret information immediately.,Fake
458,Shocking secret revealed to the public,"A social media message claims that experts are hiding the truth, although no credible evidence is provided.",Fake
459,Amazing discovery changes everything,The claim is spreading online and says that everyone should believe this secret information immediately.,Fake
460,Weather department releases forecast,The report contains information collected from public records and statements from relevant authorities.,Real
461,Weather department releases forecast,The organization reported the results and said additional details would be provided in its regular update.,Real
462,Government announces new policy,The organization reported the results and said additional details would be provided in its regular update.,Real
463,Shocking secret revealed to the public,The claim is spreading online and says that everyone should believe this secret information immediately.,Fake
464,Local authorities issue public notice,Authorities said the public should follow the official guidance and rely on verified information.,Real
465,Secret information government does not want you to know,The sensational post contains unsupported statements and asks readers to believe the claim without verification.,Fake
466,Local authorities issue public notice,Researchers published their findings after reviewing available evidence and conducting further analysis.,Real
467,Experts say unbelievable miracle cure works,The claim is spreading online and says that everyone should believe this secret information immediately.,Fake
468,Hidden truth finally exposed,The viral story says something extraordinary happened and encourages readers to share it with everyone.,Fake
469,Company announces quarterly results,The organization reported the results and said additional details would be provided in its regular update.,Real
470,Amazing discovery changes everything,An unverified post makes a dramatic claim but provides no reliable evidence or official source.,Fake
471,Government announces new policy,The report contains information collected from public records and statements from relevant authorities.,Real
472,New economic report released,Researchers published their findings after reviewing available evidence and conducting further analysis.,Real
473,Secret information government does not want you to know,The sensational post contains unsupported statements and asks readers to believe the claim without verification.,Fake
474,Viral claim sparks controversy online,The claim is spreading online and says that everyone should believe this secret information immediately.,Fake
475,Hidden truth finally exposed,An unverified post makes a dramatic claim but provides no reliable evidence or official source.,Fake
476,You will not believe what happened next,An unverified post makes a dramatic claim but provides no reliable evidence or official source.,Fake
477,Experts say unbelievable miracle cure works,The claim is spreading online and says that everyone should believe this secret information immediately.,Fake
478,Health officials release advisory,Researchers published their findings after reviewing available evidence and conducting further analysis.,Real
479,Health officials release advisory,The organization reported the results and said additional details would be provided in its regular update.,Real
480,Shocking secret revealed to the public,"A social media message claims that experts are hiding the truth, although no credible evidence is provided.",Fake
481,Experts say unbelievable miracle cure works,The viral story says something extraordinary happened and encourages readers to share it with everyone.,Fake
482,You will not believe what happened next,The viral story says something extraordinary happened and encourages readers to share it with everyone.,Fake
483,Government announces new policy,Researchers published their findings after reviewing available evidence and conducting further analysis.,Real
484,Hidden truth finally exposed,An unverified post makes a dramatic claim but provides no reliable evidence or official source.,Fake
485,This unbelievable story is spreading rapidly,The claim is spreading online and says that everyone should believe this secret information immediately.,Fake
486,You will not believe what happened next,An unverified post makes a dramatic claim but provides no reliable evidence or official source.,Fake
487,New education guidelines announced,Researchers published their findings after reviewing available evidence and conducting further analysis.,Real
488,Experts say unbelievable miracle cure works,An unverified post makes a dramatic claim but provides no reliable evidence or official source.,Fake
489,Local authorities issue public notice,The organization reported the results and said additional details would be provided in its regular update.,Real
490,Secret information government does not want you to know,The claim is spreading online and says that everyone should believe this secret information immediately.,Fake
491,Company announces quarterly results,The organization reported the results and said additional details would be provided in its regular update.,Real
492,You will not believe what happened next,An unverified post makes a dramatic claim but provides no reliable evidence or official source.,Fake
493,Secret information government does not want you to know,The sensational post contains unsupported statements and asks readers to believe the claim without verification.,Fake
494,This unbelievable story is spreading rapidly,The viral story says something extraordinary happened and encourages readers to share it with everyone.,Fake
495,Hidden truth finally exposed,The claim is spreading online and says that everyone should believe this secret information immediately.,Fake
496,Health officials release advisory,Officials released the information through an official statement and provided details about the decision.,Real
497,Company announces quarterly results,Officials released the information through an official statement and provided details about the decision.,Real
498,Hidden truth finally exposed,The viral story says something extraordinary happened and encourages readers to share it with everyone.,Fake
499,Viral claim sparks controversy online,The sensational post contains unsupported statements and asks readers to believe the claim without verification.,Fake
500,Experts say unbelievable miracle cure works,The claim is spreading online and says that everyone should believe this secret information immediately.,Fake
501,New education guidelines announced,The report contains information collected from public records and statements from relevant authorities.,Real
502,Scientists publish research findings,The organization reported the results and said additional details would be provided in its regular update.,Real
503,Viral claim sparks controversy online,An unverified post makes a dramatic claim but provides no reliable evidence or official source.,Fake
504,Amazing discovery changes everything,The sensational post contains unsupported statements and asks readers to believe the claim without verification.,Fake
505,Viral claim sparks controversy online,An unverified post makes a dramatic claim but provides no reliable evidence or official source.,Fake
506,Weather department releases forecast,Researchers published their findings after reviewing available evidence and conducting further analysis.,Real
507,Shocking secret revealed to the public,An unverified post makes a dramatic claim but provides no reliable evidence or official source.,Fake
508,This unbelievable story is spreading rapidly,The sensational post contains unsupported statements and asks readers to believe the claim without verification.,Fake
509,Amazing discovery changes everything,The viral story says something extraordinary happened and encourages readers to share it with everyone.,Fake
510,Experts say unbelievable miracle cure works,The claim is spreading online and says that everyone should believe this secret information immediately.,Fake
511,Viral claim sparks controversy online,"A social media message claims that experts are hiding the truth, although no credible evidence is provided.",Fake
512,Amazing discovery changes everything,The sensational post contains unsupported statements and asks readers to believe the claim without verification.,Fake
513,Local authorities issue public notice,Authorities said the public should follow the official guidance and rely on verified information.,Real
514,Experts say unbelievable miracle cure works,"A social media message claims that experts are hiding the truth, although no credible evidence is provided.",Fake
515,Government announces new policy,Authorities said the public should follow the official guidance and rely on verified information.,Real
516,New economic report released,Officials released the information through an official statement and provided details about the decision.,Real
517,Health officials release advisory,Researchers published their findings after reviewing available evidence and conducting further analysis.,Real
518,Amazing discovery changes everything,The sensational post contains unsupported statements and asks readers to believe the claim without verification.,Fake
519,Scientists publish research findings,Researchers published their findings after reviewing available evidence and conducting further analysis.,Real
520,Hidden truth finally exposed,The sensational post contains unsupported statements and asks readers to believe the claim without verification.,Fake
521,Weather department releases forecast,Researchers published their findings after reviewing available evidence and conducting further analysis.,Real
522,New education guidelines announced,The report contains information collected from public records and statements from relevant authorities.,Real
523,New economic report released,The organization reported the results and said additional details would be provided in its regular update.,Real
524,You will not believe what happened next,The sensational post contains unsupported statements and asks readers to believe the claim without verification.,Fake
525,Viral claim sparks controversy online,The sensational post contains unsupported statements and asks readers to believe the claim without verification.,Fake
526,Hidden truth finally exposed,An unverified post makes a dramatic claim but provides no reliable evidence or official source.,Fake
527,Hidden truth finally exposed,The viral story says something extraordinary happened and encourages readers to share it with everyone.,Fake
528,Government announces new policy,Authorities said the public should follow the official guidance and rely on verified information.,Real
529,Company announces quarterly results,The organization reported the results and said additional details would be provided in its regular update.,Real
530,Secret information government does not want you to know,The viral story says something extraordinary happened and encourages readers to share it with everyone.,Fake
531,You will not believe what happened next,The claim is spreading online and says that everyone should believe this secret information immediately.,Fake
532,Scientists publish research findings,Officials released the information through an official statement and provided details about the decision.,Real
533,Weather department releases forecast,The report contains information collected from public records and statements from relevant authorities.,Real
534,Health officials release advisory,Officials released the information through an official statement and provided details about the decision.,Real
535,Hidden truth finally exposed,An unverified post makes a dramatic claim but provides no reliable evidence or official source.,Fake
536,This unbelievable story is spreading rapidly,The viral story says something extraordinary happened and encourages readers to share it with everyone.,Fake
537,Amazing discovery changes everything,The claim is spreading online and says that everyone should believe this secret information immediately.,Fake
538,Secret information government does not want you to know,The viral story says something extraordinary happened and encourages readers to share it with everyone.,Fake
539,Hidden truth finally exposed,The viral story says something extraordinary happened and encourages readers to share it with everyone.,Fake
540,Hidden truth finally exposed,The sensational post contains unsupported statements and asks readers to believe the claim without verification.,Fake
541,Experts say unbelievable miracle cure works,The viral story says something extraordinary happened and encourages readers to share it with everyone.,Fake
542,New education guidelines announced,Officials released the information through an official statement and provided details about the decision.,Real
543,New education guidelines announced,Officials released the information through an official statement and provided details about the decision.,Real
544,Hidden truth finally exposed,"A social media message claims that experts are hiding the truth, although no credible evidence is provided.",Fake
545,This unbelievable story is spreading rapidly,The claim is spreading online and says that everyone should believe this secret information immediately.,Fake
546,Weather department releases forecast,The organization reported the results and said additional details would be provided in its regular update.,Real
547,Health officials release advisory,Researchers published their findings after reviewing available evidence and conducting further analysis.,Real
548,Shocking secret revealed to the public,The sensational post contains unsupported statements and asks readers to believe the claim without verification.,Fake
549,Health officials release advisory,The report contains information collected from public records and statements from relevant authorities.,Real
550,New education guidelines announced,Researchers published their findings after reviewing available evidence and conducting further analysis.,Real
551,Shocking secret revealed to the public,"A social media message claims that experts are hiding the truth, although no credible evidence is provided.",Fake
552,This unbelievable story is spreading rapidly,The viral story says something extraordinary happened and encourages readers to share it with everyone.,Fake
553,Health officials release advisory,Officials released the information through an official statement and provided details about the decision.,Real
554,Government announces new policy,Authorities said the public should follow the official guidance and rely on verified information.,Real
555,Experts say unbelievable miracle cure works,An unverified post makes a dramatic claim but provides no reliable evidence or official source.,Fake
556,New economic report released,Officials released the information through an official statement and provided details about the decision.,Real
557,Company announces quarterly results,Officials released the information through an official statement and provided details about the decision.,Real
558,Experts say unbelievable miracle cure works,An unverified post makes a dramatic claim but provides no reliable evidence or official source.,Fake
559,Experts say unbelievable miracle cure works,An unverified post makes a dramatic claim but provides no reliable evidence or official source.,Fake
560,Experts say unbelievable miracle cure works,An unverified post makes a dramatic claim but provides no reliable evidence or official source.,Fake
561,Government announces new policy,Researchers published their findings after reviewing available evidence and conducting further analysis.,Real
562,Scientists publish research findings,Officials released the information through an official statement and provided details about the decision.,Real
563,Viral claim sparks controversy online,The claim is spreading online and says that everyone should believe this secret information immediately.,Fake
564,This unbelievable story is spreading rapidly,An unverified post makes a dramatic claim but provides no reliable evidence or official source.,Fake
565,Hidden truth finally exposed,The viral story says something extraordinary happened and encourages readers to share it with everyone.,Fake
566,Scientists publish research findings,Authorities said the public should follow the official guidance and rely on verified information.,Real
567,Amazing discovery changes everything,An unverified post makes a dramatic claim but provides no reliable evidence or official source.,Fake
568,Viral claim sparks controversy online,The viral story says something extraordinary happened and encourages readers to share it with everyone.,Fake
569,Local authorities issue public notice,The report contains information collected from public records and statements from relevant authorities.,Real
570,New economic report released,Authorities said the public should follow the official guidance and rely on verified information.,Real
571,Company announces quarterly results,Officials released the information through an official statement and provided details about the decision.,Real
572,Experts say unbelievable miracle cure works,The viral story says something extraordinary happened and encourages readers to share it with everyone.,Fake
573,Hidden truth finally exposed,The sensational post contains unsupported statements and asks readers to believe the claim without verification.,Fake
574,New education guidelines announced,The organization reported the results and said additional details would be provided in its regular update.,Real
575,You will not believe what happened next,"A social media message claims that experts are hiding the truth, although no credible evidence is provided.",Fake
576,Experts say unbelievable miracle cure works,The viral story says something extraordinary happened and encourages readers to share it with everyone.,Fake
577,Health officials release advisory,Officials released the information through an official statement and provided details about the decision.,Real
578,Local authorities issue public notice,The report contains information collected from public records and statements from relevant authorities.,Real
579,Company announces quarterly results,The organization reported the results and said additional details would be provided in its regular update.,Real
580,New education guidelines announced,Officials released the information through an official statement and provided details about the decision.,Real
581,Shocking secret revealed to the public,The sensational post contains unsupported statements and asks readers to believe the claim without verification.,Fake
582,Secret information government does not want you to know,"A social media message claims that experts are hiding the truth, although no credible evidence is provided.",Fake
583,Hidden truth finally exposed,"A social media message claims that experts are hiding the truth, although no credible evidence is provided.",Fake
584,Hidden truth finally exposed,An unverified post makes a dramatic claim but provides no reliable evidence or official source.,Fake
585,This unbelievable story is spreading rapidly,The claim is spreading online and says that everyone should believe this secret information immediately.,Fake
586,Company announces quarterly results,The report contains information collected from public records and statements from relevant authorities.,Real
587,New economic report released,The report contains information collected from public records and statements from relevant authorities.,Real
588,Viral claim sparks controversy online,An unverified post makes a dramatic claim but provides no reliable evidence or official source.,Fake
589,Experts say unbelievable miracle cure works,The sensational post contains unsupported statements and asks readers to believe the claim without verification.,Fake
590,Company announces quarterly results,The report contains information collected from public records and statements from relevant authorities.,Real
591,Viral claim sparks controversy online,The claim is spreading online and says that everyone should believe this secret information immediately.,Fake
592,Health officials release advisory,Authorities said the public should follow the official guidance and rely on verified information.,Real
593,Viral claim sparks controversy online,An unverified post makes a dramatic claim but provides no reliable evidence or official source.,Fake
594,Weather department releases forecast,The report contains information collected from public records and statements from relevant authorities.,Real
595,Company announces quarterly results,The organization reported the results and said additional details would be provided in its regular update.,Real
596,Weather department releases forecast,Authorities said the public should follow the official guidance and rely on verified information.,Real
597,Weather department releases forecast,Officials released the information through an official statement and provided details about the decision.,Real
598,Viral claim sparks controversy online,The claim is spreading online and says that everyone should believe this secret information immediately.,Fake
599,Government announces new policy,Authorities said the public should follow the official guidance and rely on verified information.,Real
600,Company announces quarterly results,The organization reported the results and said additional details would be provided in its regular update.,Real
601,Health officials release advisory,Authorities said the public should follow the official guidance and rely on verified information.,Real
602,Company announces quarterly results,Researchers published their findings after reviewing available evidence and conducting further analysis.,Real
603,Amazing discovery changes everything,An unverified post makes a dramatic claim but provides no reliable evidence or official source.,Fake
604,Local authorities issue public notice,Officials released the information through an official statement and provided details about the decision.,Real
605,Local authorities issue public notice,Researchers published their findings after reviewing available evidence and conducting further analysis.,Real
606,Shocking secret revealed to the public,"A social media message claims that experts are hiding the truth, although no credible evidence is provided.",Fake
607,Scientists publish research findings,The organization reported the results and said additional details would be provided in its regular update.,Real
608,Local authorities issue public notice,The organization reported the results and said additional details would be provided in its regular update.,Real
609,This unbelievable story is spreading rapidly,"A social media message claims that experts are hiding the truth, although no credible evidence is provided.",Fake
610,New education guidelines announced,Authorities said the public should follow the official guidance and rely on verified information.,Real
611,Hidden truth finally exposed,An unverified post makes a dramatic claim but provides no reliable evidence or official source.,Fake
612,Shocking secret revealed to the public,The sensational post contains unsupported statements and asks readers to believe the claim without verification.,Fake
613,Secret information government does not want you to know,The claim is spreading online and says that everyone should believe this secret information immediately.,Fake
614,Weather department releases forecast,The organization reported the results and said additional details would be provided in its regular update.,Real
615,Secret information government does not want you to know,The claim is spreading online and says that everyone should believe this secret information immediately.,Fake
616,Amazing discovery changes everything,"A social media message claims that experts are hiding the truth, although no credible evidence is provided.",Fake
617,Company announces quarterly results,The report contains information collected from public records and statements from relevant authorities.,Real
618,You will not believe what happened next,An unverified post makes a dramatic claim but provides no reliable evidence or official source.,Fake
619,Company announces quarterly results,Officials released the information through an official statement and provided details about the decision.,Real
620,This unbelievable story is spreading rapidly,The viral story says something extraordinary happened and encourages readers to share it with everyone.,Fake
621,Local authorities issue public notice,Authorities said the public should follow the official guidance and rely on verified information.,Real
622,Weather department releases forecast,The organization reported the results and said additional details would be provided in its regular update.,Real
623,New economic report released,The report contains information collected from public records and statements from relevant authorities.,Real
624,This unbelievable story is spreading rapidly,An unverified post makes a dramatic claim but provides no reliable evidence or official source.,Fake
625,New education guidelines announced,The organization reported the results and said additional details would be provided in its regular update.,Real
626,Company announces quarterly results,The report contains information collected from public records and statements from relevant authorities.,Real
627,Viral claim sparks controversy online,An unverified post makes a dramatic claim but provides no reliable evidence or official source.,Fake
628,Weather department releases forecast,The report contains information collected from public records and statements from relevant authorities.,Real
629,New economic report released,Officials released the information through an official statement and provided details about the decision.,Real
630,Health officials release advisory,Officials released the information through an official statement and provided details about the decision.,Real
631,Shocking secret revealed to the public,The claim is spreading online and says that everyone should believe this secret information immediately.,Fake
632,Health officials release advisory,The organization reported the results and said additional details would be provided in its regular update.,Real
633,Shocking secret revealed to the public,An unverified post makes a dramatic claim but provides no reliable evidence or official source.,Fake
634,New economic report released,The report contains information collected from public records and statements from relevant authorities.,Real
635,Viral claim sparks controversy online,The claim is spreading online and says that everyone should believe this secret information immediately.,Fake
636,Shocking secret revealed to the public,The sensational post contains unsupported statements and asks readers to believe the claim without verification.,Fake
637,Secret information government does not want you to know,The claim is spreading online and says that everyone should believe this secret information immediately.,Fake
638,New economic report released,The organization reported the results and said additional details would be provided in its regular update.,Real
639,Hidden truth finally exposed,The viral story says something extraordinary happened and encourages readers to share it with everyone.,Fake
640,Experts say unbelievable miracle cure works,The sensational post contains unsupported statements and asks readers to believe the claim without verification.,Fake
641,You will not believe what happened next,The sensational post contains unsupported statements and asks readers to believe the claim without verification.,Fake
642,This unbelievable story is spreading rapidly,The claim is spreading online and says that everyone should believe this secret information immediately.,Fake
643,Government announces new policy,Authorities said the public should follow the official guidance and rely on verified information.,Real
644,Viral claim sparks controversy online,The sensational post contains unsupported statements and asks readers to believe the claim without verification.,Fake
645,Company announces quarterly results,Officials released the information through an official statement and provided details about the decision.,Real
646,This unbelievable story is spreading rapidly,The claim is spreading online and says that everyone should believe this secret information immediately.,Fake
647,Weather department releases forecast,The report contains information collected from public records and statements from relevant authorities.,Real
648,This unbelievable story is spreading rapidly,An unverified post makes a dramatic claim but provides no reliable evidence or official source.,Fake
649,Shocking secret revealed to the public,The viral story says something extraordinary happened and encourages readers to share it with everyone.,Fake
650,This unbelievable story is spreading rapidly,An unverified post makes a dramatic claim but provides no reliable evidence or official source.,Fake
651,Company announces quarterly results,The organization reported the results and said additional details would be provided in its regular update.,Real
652,Local authorities issue public notice,The organization reported the results and said additional details would be provided in its regular update.,Real
653,Company announces quarterly results,Authorities said the public should follow the official guidance and rely on verified information.,Real
654,Scientists publish research findings,The report contains information collected from public records and statements from relevant authorities.,Real
655,You will not believe what happened next,The sensational post contains unsupported statements and asks readers to believe the claim without verification.,Fake
656,You will not believe what happened next,The sensational post contains unsupported statements and asks readers to believe the claim without verification.,Fake
657,Shocking secret revealed to the public,"A social media message claims that experts are hiding the truth, although no credible evidence is provided.",Fake
658,Viral claim sparks controversy online,"A social media message claims that experts are hiding the truth, although no credible evidence is provided.",Fake
659,Amazing discovery changes everything,The viral story says something extraordinary happened and encourages readers to share it with everyone.,Fake
660,Company announces quarterly results,Authorities said the public should follow the official guidance and rely on verified information.,Real
661,Local authorities issue public notice,Researchers published their findings after reviewing available evidence and conducting further analysis.,Real
662,Hidden truth finally exposed,The viral story says something extraordinary happened and encourages readers to share it with everyone.,Fake
663,Experts say unbelievable miracle cure works,"A social media message claims that experts are hiding the truth, although no credible evidence is provided.",Fake
664,Experts say unbelievable miracle cure works,The claim is spreading online and says that everyone should believe this secret information immediately.,Fake
665,Experts say unbelievable miracle cure works,The claim is spreading online and says that everyone should believe this secret information immediately.,Fake
666,Viral claim sparks controversy online,"A social media message claims that experts are hiding the truth, although no credible evidence is provided.",Fake
667,Company announces quarterly results,Officials released the information through an official statement and provided details about the decision.,Real
668,Experts say unbelievable miracle cure works,"A social media message claims that experts are hiding the truth, although no credible evidence is provided.",Fake
669,Weather department releases forecast,Officials released the information through an official statement and provided details about the decision.,Real
670,Company announces quarterly results,The report contains information collected from public records and statements from relevant authorities.,Real
671,Company announces quarterly results,The organization reported the results and said additional details would be provided in its regular update.,Real
672,Shocking secret revealed to the public,An unverified post makes a dramatic claim but provides no reliable evidence or official source.,Fake
673,New economic report released,The report contains information collected from public records and statements from relevant authorities.,Real
674,New economic report released,Officials released the information through an official statement and provided details about the decision.,Real
675,Company announces quarterly results,Authorities said the public should follow the official guidance and rely on verified information.,Real
676,Scientists publish research findings,Authorities said the public should follow the official guidance and rely on verified information.,Real
677,New economic report released,Officials released the information through an official statement and provided details about the decision.,Real
678,Local authorities issue public notice,The report contains information collected from public records and statements from relevant authorities.,Real
679,New economic report released,The organization reported the results and said additional details would be provided in its regular update.,Real
680,Scientists publish research findings,Authorities said the public should follow the official guidance and rely on verified information.,Real
681,Viral claim sparks controversy online,The sensational post contains unsupported statements and asks readers to believe the claim without verification.,Fake
682,Health officials release advisory,The organization reported the results and said additional details would be provided in its regular update.,Real
683,Hidden truth finally exposed,The viral story says something extraordinary happened and encourages readers to share it with everyone.,Fake
684,Weather department releases forecast,The organization reported the results and said additional details would be provided in its regular update.,Real
685,Amazing discovery changes everything,The claim is spreading online and says that everyone should believe this secret information immediately.,Fake
686,You will not believe what happened next,The sensational post contains unsupported statements and asks readers to believe the claim without verification.,Fake
687,Experts say unbelievable miracle cure works,The sensational post contains unsupported statements and asks readers to believe the claim without verification.,Fake
688,Shocking secret revealed to the public,The viral story says something extraordinary happened and encourages readers to share it with everyone.,Fake
689,Hidden truth finally exposed,The viral story says something extraordinary happened and encourages readers to share it with everyone.,Fake
690,Amazing discovery changes everything,An unverified post makes a dramatic claim but provides no reliable evidence or official source.,Fake
691,Secret information government does not want you to know,"A social media message claims that experts are hiding the truth, although no credible evidence is provided.",Fake
692,Government announces new policy,Authorities said the public should follow the official guidance and rely on verified information.,Real
693,Health officials release advisory,Officials released the information through an official statement and provided details about the decision.,Real
694,Government announces new policy,Authorities said the public should follow the official guidance and rely on verified information.,Real
695,Local authorities issue public notice,The report contains information collected from public records and statements from relevant authorities.,Real
696,Hidden truth finally exposed,The viral story says something extraordinary happened and encourages readers to share it with everyone.,Fake
697,This unbelievable story is spreading rapidly,An unverified post makes a dramatic claim but provides no reliable evidence or official source.,Fake
698,Hidden truth finally exposed,The sensational post contains unsupported statements and asks readers to believe the claim without verification.,Fake
699,Weather department releases forecast,The report contains information collected from public records and statements from relevant authorities.,Real
700,Experts say unbelievable miracle cure works,The claim is spreading online and says that everyone should believe this secret information immediately.,Fake
701,Viral claim sparks controversy online,"A social media message claims that experts are hiding the truth, although no credible evidence is provided.",Fake
702,Local authorities issue public notice,The report contains information collected from public records and statements from relevant authorities.,Real
703,Secret information government does not want you to know,The sensational post contains unsupported statements and asks readers to believe the claim without verification.,Fake
704,Shocking secret revealed to the public,An unverified post makes a dramatic claim but provides no reliable evidence or official source.,Fake
705,Government announces new policy,Authorities said the public should follow the official guidance and rely on verified information.,Real
706,Local authorities issue public notice,Authorities said the public should follow the official guidance and rely on verified information.,Real
707,Weather department releases forecast,The organization reported the results and said additional details would be provided in its regular update.,Real
708,Scientists publish research findings,The organization reported the results and said additional details would be provided in its regular update.,Real
709,This unbelievable story is spreading rapidly,"A social media message claims that experts are hiding the truth, although no credible evidence is provided.",Fake
710,Weather department releases forecast,The organization reported the results and said additional details would be provided in its regular update.,Real
711,Weather department releases forecast,The report contains information collected from public records and statements from relevant authorities.,Real
712,This unbelievable story is spreading rapidly,The claim is spreading online and says that everyone should believe this secret information immediately.,Fake
713,Hidden truth finally exposed,"A social media message claims that experts are hiding the truth, although no credible evidence is provided.",Fake
714,Amazing discovery changes everything,"A social media message claims that experts are hiding the truth, although no credible evidence is provided.",Fake
715,New economic report released,The organization reported the results and said additional details would be provided in its regular update.,Real
716,Company announces quarterly results,The report contains information collected from public records and statements from relevant authorities.,Real
717,Shocking secret revealed to the public,The claim is spreading online and says that everyone should believe this secret information immediately.,Fake
718,Local authorities issue public notice,The report contains information collected from public records and statements from relevant authorities.,Real
719,Viral claim sparks controversy online,The viral story says something extraordinary happened and encourages readers to share it with everyone.,Fake
720,Viral claim sparks controversy online,"A social media message claims that experts are hiding the truth, although no credible evidence is provided.",Fake
721,Experts say unbelievable miracle cure works,"A social media message claims that experts are hiding the truth, although no credible evidence is provided.",Fake
722,Experts say unbelievable miracle cure works,An unverified post makes a dramatic claim but provides no reliable evidence or official source.,Fake
723,Amazing discovery changes everything,An unverified post makes a dramatic claim but provides no reliable evidence or official source.,Fake
724,Amazing discovery changes everything,The viral story says something extraordinary happened and encourages readers to share it with everyone.,Fake
725,Hidden truth finally exposed,The claim is spreading online and says that everyone should believe this secret information immediately.,Fake
726,Scientists publish research findings,The report contains information collected from public records and statements from relevant authorities.,Real
727,Scientists publish research findings,The report contains information collected from public records and statements from relevant authorities.,Real
728,Experts say unbelievable miracle cure works,An unverified post makes a dramatic claim but provides no reliable evidence or official source.,Fake
729,Shocking secret revealed to the public,The sensational post contains unsupported statements and asks readers to believe the claim without verification.,Fake
730,Hidden truth finally exposed,The claim is spreading online and says that everyone should believe this secret information immediately.,Fake
731,Amazing discovery changes everything,The sensational post contains unsupported statements and asks readers to believe the claim without verification.,Fake
732,Scientists publish research findings,Officials released the information through an official statement and provided details about the decision.,Real
733,Secret information government does not want you to know,The sensational post contains unsupported statements and asks readers to believe the claim without verification.,Fake
734,Company announces quarterly results,The report contains information collected from public records and statements from relevant authorities.,Real
735,Viral claim sparks controversy online,"A social media message claims that experts are hiding the truth, although no credible evidence is provided.",Fake
736,Local authorities issue public notice,Authorities said the public should follow the official guidance and rely on verified information.,Real
737,Weather department releases forecast,Authorities said the public should follow the official guidance and rely on verified information.,Real
738,Local authorities issue public notice,The organization reported the results and said additional details would be provided in its regular update.,Real
739,New economic report released,Authorities said the public should follow the official guidance and rely on verified information.,Real
740,New education guidelines announced,Researchers published their findings after reviewing available evidence and conducting further analysis.,Real
741,Experts say unbelievable miracle cure works,An unverified post makes a dramatic claim but provides no reliable evidence or official source.,Fake
742,Weather department releases forecast,Researchers published their findings after reviewing available evidence and conducting further analysis.,Real
743,Viral claim sparks controversy online,The claim is spreading online and says that everyone should believe this secret information immediately.,Fake
744,Government announces new policy,Researchers published their findings after reviewing available evidence and conducting further analysis.,Real
745,Local authorities issue public notice,Researchers published their findings after reviewing available evidence and conducting further analysis.,Real
746,Health officials release advisory,Authorities said the public should follow the official guidance and rely on verified information.,Real
747,Hidden truth finally exposed,The claim is spreading online and says that everyone should believe this secret information immediately.,Fake
748,Local authorities issue public notice,Authorities said the public should follow the official guidance and rely on verified information.,Real
749,Local authorities issue public notice,Authorities said the public should follow the official guidance and rely on verified information.,Real
750,Experts say unbelievable miracle cure works,The sensational post contains unsupported statements and asks readers to believe the claim without verification.,Fake
751,Amazing discovery changes everything,The sensational post contains unsupported statements and asks readers to believe the claim without verification.,Fake
752,Scientists publish research findings,Authorities said the public should follow the official guidance and rely on verified information.,Real
753,New education guidelines announced,The organization reported the results and said additional details would be provided in its regular update.,Real
754,Company announces quarterly results,The report contains information collected from public records and statements from relevant authorities.,Real
755,Company announces quarterly results,The organization reported the results and said additional details would be provided in its regular update.,Real
756,Experts say unbelievable miracle cure works,The sensational post contains unsupported statements and asks readers to believe the claim without verification.,Fake
757,Company announces quarterly results,The report contains information collected from public records and statements from relevant authorities.,Real
758,Company announces quarterly results,The organization reported the results and said additional details would be provided in its regular update.,Real
759,Secret information government does not want you to know,"A social media message claims that experts are hiding the truth, although no credible evidence is provided.",Fake
760,Government announces new policy,Authorities said the public should follow the official guidance and rely on verified information.,Real
761,Secret information government does not want you to know,"A social media message claims that experts are hiding the truth, although no credible evidence is provided.",Fake
762,Company announces quarterly results,The report contains information collected from public records and statements from relevant authorities.,Real
763,New economic report released,Authorities said the public should follow the official guidance and rely on verified information.,Real
764,New economic report released,Researchers published their findings after reviewing available evidence and conducting further analysis.,Real
765,Local authorities issue public notice,The organization reported the results and said additional details would be provided in its regular update.,Real
766,Company announces quarterly results,The report contains information collected from public records and statements from relevant authorities.,Real
767,Shocking secret revealed to the public,The claim is spreading online and says that everyone should believe this secret information immediately.,Fake
768,Shocking secret revealed to the public,The claim is spreading online and says that everyone should believe this secret information immediately.,Fake
769,This unbelievable story is spreading rapidly,The sensational post contains unsupported statements and asks readers to believe the claim without verification.,Fake
770,New economic report released,The report contains information collected from public records and statements from relevant authorities.,Real
771,Health officials release advisory,The organization reported the results and said additional details would be provided in its regular update.,Real
772,Viral claim sparks controversy online,An unverified post makes a dramatic claim but provides no reliable evidence or official source.,Fake
773,Weather department releases forecast,Officials released the information through an official statement and provided details about the decision.,Real
774,Hidden truth finally exposed,The sensational post contains unsupported statements and asks readers to believe the claim without verification.,Fake
775,Health officials release advisory,Authorities said the public should follow the official guidance and rely on verified information.,Real
776,Secret information government does not want you to know,The sensational post contains unsupported statements and asks readers to believe the claim without verification.,Fake
777,New education guidelines announced,Researchers published their findings after reviewing available evidence and conducting further analysis.,Real
778,You will not believe what happened next,The viral story says something extraordinary happened and encourages readers to share it with everyone.,Fake
779,Company announces quarterly results,Authorities said the public should follow the official guidance and rely on verified information.,Real
780,Experts say unbelievable miracle cure works,"A social media message claims that experts are hiding the truth, although no credible evidence is provided.",Fake
781,New education guidelines announced,Researchers published their findings after reviewing available evidence and conducting further analysis.,Real
782,Hidden truth finally exposed,The viral story says something extraordinary happened and encourages readers to share it with everyone.,Fake
783,Company announces quarterly results,The organization reported the results and said additional details would be provided in its regular update.,Real
784,This unbelievable story is spreading rapidly,An unverified post makes a dramatic claim but provides no reliable evidence or official source.,Fake
785,Health officials release advisory,Authorities said the public should follow the official guidance and rely on verified information.,Real
786,This unbelievable story is spreading rapidly,The claim is spreading online and says that everyone should believe this secret information immediately.,Fake
787,Viral claim sparks controversy online,An unverified post makes a dramatic claim but provides no reliable evidence or official source.,Fake
788,Local authorities issue public notice,Authorities said the public should follow the official guidance and rely on verified information.,Real
789,Shocking secret revealed to the public,The claim is spreading online and says that everyone should believe this secret information immediately.,Fake
790,Amazing discovery changes everything,An unverified post makes a dramatic claim but provides no reliable evidence or official source.,Fake
791,Local authorities issue public notice,Authorities said the public should follow the official guidance and rely on verified information.,Real
792,New economic report released,The organization reported the results and said additional details would be provided in its regular update.,Real
793,Viral claim sparks controversy online,"A social media message claims that experts are hiding the truth, although no credible evidence is provided.",Fake
794,New economic report released,Officials released the information through an official statement and provided details about the decision.,Real
795,Viral claim sparks controversy online,The claim is spreading online and says that everyone should believe this secret information immediately.,Fake
796,Scientists publish research findings,Authorities said the public should follow the official guidance and rely on verified information.,Real
797,New economic report released,Authorities said the public should follow the official guidance and rely on verified information.,Real
798,Company announces quarterly results,Authorities said the public should follow the official guidance and rely on verified information.,Real
799,Weather department releases forecast,Officials released the information through an official statement and provided details about the decision.,Real
800,You will not believe what happened next,An unverified post makes a dramatic claim but provides no reliable evidence or official source.,Fake
801,Viral claim sparks controversy online,The claim is spreading online and says that everyone should believe this secret information immediately.,Fake
802,New education guidelines announced,The report contains information collected from public records and statements from relevant authorities.,Real
803,Amazing discovery changes everything,The sensational post contains unsupported statements and asks readers to believe the claim without verification.,Fake
804,Amazing discovery changes everything,"A social media message claims that experts are hiding the truth, although no credible evidence is provided.",Fake
805,Health officials release advisory,Researchers published their findings after reviewing available evidence and conducting further analysis.,Real
806,Local authorities issue public notice,The organization reported the results and said additional details would be provided in its regular update.,Real
807,Experts say unbelievable miracle cure works,The sensational post contains unsupported statements and asks readers to believe the claim without verification.,Fake
808,Hidden truth finally exposed,The viral story says something extraordinary happened and encourages readers to share it with everyone.,Fake
809,Viral claim sparks controversy online,The viral story says something extraordinary happened and encourages readers to share it with everyone.,Fake
810,Local authorities issue public notice,The organization reported the results and said additional details would be provided in its regular update.,Real
811,Company announces quarterly results,The organization reported the results and said additional details would be provided in its regular update.,Real
812,You will not believe what happened next,The viral story says something extraordinary happened and encourages readers to share it with everyone.,Fake
813,Weather department releases forecast,Authorities said the public should follow the official guidance and rely on verified information.,Real
814,This unbelievable story is spreading rapidly,The sensational post contains unsupported statements and asks readers to believe the claim without verification.,Fake
815,New economic report released,The report contains information collected from public records and statements from relevant authorities.,Real
816,Government announces new policy,Authorities said the public should follow the official guidance and rely on verified information.,Real
817,Shocking secret revealed to the public,"A social media message claims that experts are hiding the truth, although no credible evidence is provided.",Fake
818,Health officials release advisory,The report contains information collected from public records and statements from relevant authorities.,Real
819,Shocking secret revealed to the public,An unverified post makes a dramatic claim but provides no reliable evidence or official source.,Fake
820,Amazing discovery changes everything,The viral story says something extraordinary happened and encourages readers to share it with everyone.,Fake
821,Government announces new policy,The organization reported the results and said additional details would be provided in its regular update.,Real
822,Hidden truth finally exposed,An unverified post makes a dramatic claim but provides no reliable evidence or official source.,Fake
823,Amazing discovery changes everything,"A social media message claims that experts are hiding the truth, although no credible evidence is provided.",Fake
824,Amazing discovery changes everything,The claim is spreading online and says that everyone should believe this secret information immediately.,Fake
825,Shocking secret revealed to the public,"A social media message claims that experts are hiding the truth, although no credible evidence is provided.",Fake
826,Scientists publish research findings,Researchers published their findings after reviewing available evidence and conducting further analysis.,Real
827,Hidden truth finally exposed,The sensational post contains unsupported statements and asks readers to believe the claim without verification.,Fake
828,Experts say unbelievable miracle cure works,The viral story says something extraordinary happened and encourages readers to share it with everyone.,Fake
829,Weather department releases forecast,The organization reported the results and said additional details would be provided in its regular update.,Real
830,New education guidelines announced,The organization reported the results and said additional details would be provided in its regular update.,Real
831,Weather department releases forecast,Authorities said the public should follow the official guidance and rely on verified information.,Real
832,Company announces quarterly results,Authorities said the public should follow the official guidance and rely on verified information.,Real
833,New education guidelines announced,Authorities said the public should follow the official guidance and rely on verified information.,Real
834,You will not believe what happened next,The sensational post contains unsupported statements and asks readers to believe the claim without verification.,Fake
835,Viral claim sparks controversy online,"A social media message claims that experts are hiding the truth, although no credible evidence is provided.",Fake
836,Amazing discovery changes everything,An unverified post makes a dramatic claim but provides no reliable evidence or official source.,Fake
837,You will not believe what happened next,"A social media message claims that experts are hiding the truth, although no credible evidence is provided.",Fake
838,Shocking secret revealed to the public,The viral story says something extraordinary happened and encourages readers to share it with everyone.,Fake
839,Company announces quarterly results,Authorities said the public should follow the official guidance and rely on verified information.,Real
840,Amazing discovery changes everything,The sensational post contains unsupported statements and asks readers to believe the claim without verification.,Fake
841,This unbelievable story is spreading rapidly,The viral story says something extraordinary happened and encourages readers to share it with everyone.,Fake
842,Local authorities issue public notice,Officials released the information through an official statement and provided details about the decision.,Real
843,New economic report released,Authorities said the public should follow the official guidance and rely on verified information.,Real
844,Local authorities issue public notice,Researchers published their findings after reviewing available evidence and conducting further analysis.,Real
845,Shocking secret revealed to the public,"A social media message claims that experts are hiding the truth, although no credible evidence is provided.",Fake
846,Government announces new policy,Officials released the information through an official statement and provided details about the decision.,Real
847,Hidden truth finally exposed,The viral story says something extraordinary happened and encourages readers to share it with everyone.,Fake
848,Viral claim sparks controversy online,"A social media message claims that experts are hiding the truth, although no credible evidence is provided.",Fake
849,Government announces new policy,The report contains information collected from public records and statements from relevant authorities.,Real
850,Shocking secret revealed to the public,"A social media message claims that experts are hiding the truth, although no credible evidence is provided.",Fake
851,New economic report released,Researchers published their findings after reviewing available evidence and conducting further analysis.,Real
852,Government announces new policy,The organization reported the results and said additional details would be provided in its regular update.,Real
853,You will not believe what happened next,The sensational post contains unsupported statements and asks readers to believe the claim without verification.,Fake
854,You will not believe what happened next,An unverified post makes a dramatic claim but provides no reliable evidence or official source.,Fake
855,Experts say unbelievable miracle cure works,The viral story says something extraordinary happened and encourages readers to share it with everyone.,Fake
856,Health officials release advisory,The organization reported the results and said additional details would be provided in its regular update.,Real
857,Company announces quarterly results,The report contains information collected from public records and statements from relevant authorities.,Real
858,Hidden truth finally exposed,An unverified post makes a dramatic claim but provides no reliable evidence or official source.,Fake
859,New education guidelines announced,The report contains information collected from public records and statements from relevant authorities.,Real
860,This unbelievable story is spreading rapidly,The claim is spreading online and says that everyone should believe this secret information immediately.,Fake
861,Government announces new policy,Authorities said the public should follow the official guidance and rely on verified information.,Real
862,Government announces new policy,Authorities said the public should follow the official guidance and rely on verified information.,Real
863,Hidden truth finally exposed,The sensational post contains unsupported statements and asks readers to believe the claim without verification.,Fake
864,Local authorities issue public notice,The report contains information collected from public records and statements from relevant authorities.,Real
865,Local authorities issue public notice,Researchers published their findings after reviewing available evidence and conducting further analysis.,Real
866,Weather department releases forecast,The report contains information collected from public records and statements from relevant authorities.,Real
867,Weather department releases forecast,The report contains information collected from public records and statements from relevant authorities.,Real
868,Amazing discovery changes everything,"A social media message claims that experts are hiding the truth, although no credible evidence is provided.",Fake
869,Local authorities issue public notice,Researchers published their findings after reviewing available evidence and conducting further analysis.,Real
870,New economic report released,Researchers published their findings after reviewing available evidence and conducting further analysis.,Real
871,Local authorities issue public notice,The report contains information collected from public records and statements from relevant authorities.,Real
872,New education guidelines announced,The report contains information collected from public records and statements from relevant authorities.,Real
873,You will not believe what happened next,"A social media message claims that experts are hiding the truth, although no credible evidence is provided.",Fake
874,Health officials release advisory,The organization reported the results and said additional details would be provided in its regular update.,Real
875,Local authorities issue public notice,Officials released the information through an official statement and provided details about the decision.,Real
876,Company announces quarterly results,The report contains information collected from public records and statements from relevant authorities.,Real
877,New education guidelines announced,The report contains information collected from public records and statements from relevant authorities.,Real
878,Government announces new policy,Researchers published their findings after reviewing available evidence and conducting further analysis.,Real
879,Company announces quarterly results,Authorities said the public should follow the official guidance and rely on verified information.,Real
880,Government announces new policy,Officials released the information through an official statement and provided details about the decision.,Real
881,Local authorities issue public notice,The report contains information collected from public records and statements from relevant authorities.,Real
882,Weather department releases forecast,Officials released the information through an official statement and provided details about the decision.,Real
883,Secret information government does not want you to know,The sensational post contains unsupported statements and asks readers to believe the claim without verification.,Fake
884,Experts say unbelievable miracle cure works,The viral story says something extraordinary happened and encourages readers to share it with everyone.,Fake
885,Weather department releases forecast,Officials released the information through an official statement and provided details about the decision.,Real
886,Amazing discovery changes everything,An unverified post makes a dramatic claim but provides no reliable evidence or official source.,Fake
887,Company announces quarterly results,The organization reported the results and said additional details would be provided in its regular update.,Real
888,This unbelievable story is spreading rapidly,The claim is spreading online and says that everyone should believe this secret information immediately.,Fake
889,Experts say unbelievable miracle cure works,The viral story says something extraordinary happened and encourages readers to share it with everyone.,Fake
890,Amazing discovery changes everything,"A social media message claims that experts are hiding the truth, although no credible evidence is provided.",Fake
891,Health officials release advisory,Authorities said the public should follow the official guidance and rely on verified information.,Real
892,Scientists publish research findings,Researchers published their findings after reviewing available evidence and conducting further analysis.,Real
893,This unbelievable story is spreading rapidly,The sensational post contains unsupported statements and asks readers to believe the claim without verification.,Fake
894,New education guidelines announced,Authorities said the public should follow the official guidance and rely on verified information.,Real
895,Amazing discovery changes everything,The sensational post contains unsupported statements and asks readers to believe the claim without verification.,Fake
896,Hidden truth finally exposed,"A social media message claims that experts are hiding the truth, although no credible evidence is provided.",Fake
897,Company announces quarterly results,Officials released the information through an official statement and provided details about the decision.,Real
898,Hidden truth finally exposed,An unverified post makes a dramatic claim but provides no reliable evidence or official source.,Fake
899,Experts say unbelievable miracle cure works,The claim is spreading online and says that everyone should believe this secret information immediately.,Fake
900,Scientists publish research findings,Authorities said the public should follow the official guidance and rely on verified information.,Real
901,Hidden truth finally exposed,The viral story says something extraordinary happened and encourages readers to share it with everyone.,Fake
902,Local authorities issue public notice,Officials released the information through an official statement and provided details about the decision.,Real
903,Scientists publish research findings,Researchers published their findings after reviewing available evidence and conducting further analysis.,Real
904,Scientists publish research findings,Authorities said the public should follow the official guidance and rely on verified information.,Real
905,This unbelievable story is spreading rapidly,"A social media message claims that experts are hiding the truth, although no credible evidence is provided.",Fake
906,Hidden truth finally exposed,The sensational post contains unsupported statements and asks readers to believe the claim without verification.,Fake
907,Viral claim sparks controversy online,The claim is spreading online and says that everyone should believe this secret information immediately.,Fake
908,Health officials release advisory,The report contains information collected from public records and statements from relevant authorities.,Real
909,Local authorities issue public notice,Authorities said the public should follow the official guidance and rely on verified information.,Real
910,Health officials release advisory,Researchers published their findings after reviewing available evidence and conducting further analysis.,Real
911,Scientists publish research findings,The report contains information collected from public records and statements from relevant authorities.,Real
912,Weather department releases forecast,Officials released the information through an official statement and provided details about the decision.,Real
913,Viral claim sparks controversy online,The sensational post contains unsupported statements and asks readers to believe the claim without verification.,Fake
914,This unbelievable story is spreading rapidly,The viral story says something extraordinary happened and encourages readers to share it with everyone.,Fake
915,Weather department releases forecast,Researchers published their findings after reviewing available evidence and conducting further analysis.,Real
916,Hidden truth finally exposed,The viral story says something extraordinary happened and encourages readers to share it with everyone.,Fake
917,This unbelievable story is spreading rapidly,The claim is spreading online and says that everyone should believe this secret information immediately.,Fake
918,New education guidelines announced,The organization reported the results and said additional details would be provided in its regular update.,Real
919,Secret information government does not want you to know,An unverified post makes a dramatic claim but provides no reliable evidence or official source.,Fake
920,Weather department releases forecast,The report contains information collected from public records and statements from relevant authorities.,Real
921,New education guidelines announced,Researchers published their findings after reviewing available evidence and conducting further analysis.,Real
922,You will not believe what happened next,The claim is spreading online and says that everyone should believe this secret information immediately.,Fake
923,Local authorities issue public notice,The report contains information collected from public records and statements from relevant authorities.,Real
924,Weather department releases forecast,The organization reported the results and said additional details would be provided in its regular update.,Real
925,Hidden truth finally exposed,The sensational post contains unsupported statements and asks readers to believe the claim without verification.,Fake
926,Weather department releases forecast,The report contains information collected from public records and statements from relevant authorities.,Real
927,Local authorities issue public notice,Authorities said the public should follow the official guidance and rely on verified information.,Real
928,Experts say unbelievable miracle cure works,"A social media message claims that experts are hiding the truth, although no credible evidence is provided.",Fake
929,Company announces quarterly results,The report contains information collected from public records and statements from relevant authorities.,Real
930,Hidden truth finally exposed,"A social media message claims that experts are hiding the truth, although no credible evidence is provided.",Fake
931,This unbelievable story is spreading rapidly,The sensational post contains unsupported statements and asks readers to believe the claim without verification.,Fake
932,New economic report released,Officials released the information through an official statement and provided details about the decision.,Real
933,Local authorities issue public notice,The report contains information collected from public records and statements from relevant authorities.,Real
934,New education guidelines announced,The report contains information collected from public records and statements from relevant authorities.,Real
935,Shocking secret revealed to the public,The claim is spreading online and says that everyone should believe this secret information immediately.,Fake
936,You will not believe what happened next,The viral story says something extraordinary happened and encourages readers to share it with everyone.,Fake
937,Hidden truth finally exposed,The sensational post contains unsupported statements and asks readers to believe the claim without verification.,Fake
938,Experts say unbelievable miracle cure works,The viral story says something extraordinary happened and encourages readers to share it with everyone.,Fake
939,Hidden truth finally exposed,The claim is spreading online and says that everyone should believe this secret information immediately.,Fake
940,Shocking secret revealed to the public,The viral story says something extraordinary happened and encourages readers to share it with everyone.,Fake
941,Shocking secret revealed to the public,The sensational post contains unsupported statements and asks readers to believe the claim without verification.,Fake
942,Company announces quarterly results,The organization reported the results and said additional details would be provided in its regular update.,Real
943,Amazing discovery changes everything,"A social media message claims that experts are hiding the truth, although no credible evidence is provided.",Fake
944,Viral claim sparks controversy online,The claim is spreading online and says that everyone should believe this secret information immediately.,Fake
945,Secret information government does not want you to know,An unverified post makes a dramatic claim but provides no reliable evidence or official source.,Fake
946,Amazing discovery changes everything,The viral story says something extraordinary happened and encourages readers to share it with everyone.,Fake
947,Scientists publish research findings,Researchers published their findings after reviewing available evidence and conducting further analysis.,Real
948,Weather department releases forecast,Authorities said the public should follow the official guidance and rely on verified information.,Real
949,Weather department releases forecast,Researchers published their findings after reviewing available evidence and conducting further analysis.,Real
950,New education guidelines announced,Researchers published their findings after reviewing available evidence and conducting further analysis.,Real
951,Government announces new policy,The report contains information collected from public records and statements from relevant authorities.,Real
952,Amazing discovery changes everything,The claim is spreading online and says that everyone should believe this secret information immediately.,Fake
953,Scientists publish research findings,Researchers published their findings after reviewing available evidence and conducting further analysis.,Real
954,Shocking secret revealed to the public,"A social media message claims that experts are hiding the truth, although no credible evidence is provided.",Fake
955,New education guidelines announced,Officials released the information through an official statement and provided details about the decision.,Real
956,New education guidelines announced,Officials released the information through an official statement and provided details about the decision.,Real
957,New education guidelines announced,Authorities said the public should follow the official guidance and rely on verified information.,Real
958,Weather department releases forecast,The organization reported the results and said additional details would be provided in its regular update.,Real
959,This unbelievable story is spreading rapidly,The claim is spreading online and says that everyone should believe this secret information immediately.,Fake
960,Health officials release advisory,Officials released the information through an official statement and provided details about the decision.,Real
961,Government announces new policy,Researchers published their findings after reviewing available evidence and conducting further analysis.,Real
962,Government announces new policy,Researchers published their findings after reviewing available evidence and conducting further analysis.,Real
963,Shocking secret revealed to the public,"A social media message claims that experts are hiding the truth, although no credible evidence is provided.",Fake
964,Local authorities issue public notice,The report contains information collected from public records and statements from relevant authorities.,Real
965,Amazing discovery changes everything,The claim is spreading online and says that everyone should believe this secret information immediately.,Fake
966,Viral claim sparks controversy online,The sensational post contains unsupported statements and asks readers to believe the claim without verification.,Fake
967,This unbelievable story is spreading rapidly,"A social media message claims that experts are hiding the truth, although no credible evidence is provided.",Fake
968,This unbelievable story is spreading rapidly,An unverified post makes a dramatic claim but provides no reliable evidence or official source.,Fake
969,Secret information government does not want you to know,The sensational post contains unsupported statements and asks readers to believe the claim without verification.,Fake
970,Company announces quarterly results,Researchers published their findings after reviewing available evidence and conducting further analysis.,Real
971,Company announces quarterly results,The organization reported the results and said additional details would be provided in its regular update.,Real
972,Shocking secret revealed to the public,"A social media message claims that experts are hiding the truth, although no credible evidence is provided.",Fake
973,Experts say unbelievable miracle cure works,The claim is spreading online and says that everyone should believe this secret information immediately.,Fake
974,New education guidelines announced,Authorities said the public should follow the official guidance and rely on verified information.,Real
975,Amazing discovery changes everything,The claim is spreading online and says that everyone should believe this secret information immediately.,Fake
976,Local authorities issue public notice,The organization reported the results and said additional details would be provided in its regular update.,Real
977,Company announces quarterly results,Researchers published their findings after reviewing available evidence and conducting further analysis.,Real
978,Government announces new policy,The organization reported the results and said additional details would be provided in its regular update.,Real
979,Viral claim sparks controversy online,"A social media message claims that experts are hiding the truth, although no credible evidence is provided.",Fake
980,Weather department releases forecast,Authorities said the public should follow the official guidance and rely on verified information.,Real
981,Weather department releases forecast,Authorities said the public should follow the official guidance and rely on verified information.,Real
982,Experts say unbelievable miracle cure works,The viral story says something extraordinary happened and encourages readers to share it with everyone.,Fake
983,Shocking secret revealed to the public,The claim is spreading online and says that everyone should believe this secret information immediately.,Fake
984,Company announces quarterly results,Authorities said the public should follow the official guidance and rely on verified information.,Real
985,You will not believe what happened next,The viral story says something extraordinary happened and encourages readers to share it with everyone.,Fake
986,Government announces new policy,Officials released the information through an official statement and provided details about the decision.,Real
987,Government announces new policy,Researchers published their findings after reviewing available evidence and conducting further analysis.,Real
988,Scientists publish research findings,The organization reported the results and said additional details would be provided in its regular update.,Real
989,Government announces new policy,The organization reported the results and said additional details would be provided in its regular update.,Real
990,Shocking secret revealed to the public,The claim is spreading online and says that everyone should believe this secret information immediately.,Fake
991,Scientists publish research findings,Authorities said the public should follow the official guidance and rely on verified information.,Real
992,New economic report released,The organization reported the results and said additional details would be provided in its regular update.,Real
993,Health officials release advisory,The report contains information collected from public records and statements from relevant authorities.,Real
994,Weather department releases forecast,Officials released the information through an official statement and provided details about the decision.,Real
995,Company announces quarterly results,Officials released the information through an official statement and provided details about the decision.,Real
996,This unbelievable story is spreading rapidly,The sensational post contains unsupported statements and asks readers to believe the claim without verification.,Fake
997,New education guidelines announced,Officials released the information through an official statement and provided details about the decision.,Real
998,Health officials release advisory,Researchers published their findings after reviewing available evidence and conducting further analysis.,Real
999,Scientists publish research findings,The organization reported the results and said additional details would be provided in its regular update.,Real
1000,Secret information government does not want you to know,The claim is spreading online and says that everyone should believe this secret information immediately.,Fake
